1,01-04-16,280.88
2,31-03-16,283.01
3,30-03-16,282.38
4,29-03-16,279.03
5,24-03-16,277.11
6,23-03-16,277.42
7,22-03-16,279.22
8,21-03-16,278.38
9,18-03-16,280.35
10,17-03-16,278.26
11,16-03-16,273.54
12,15-03-16,274.33
13,14-03-16,275.2
14,11-03-16,274.12
15,10-03-16,271.18
16,09-03-16,269.67
17,08-03-16,270.07
18,07-03-16,271.08
19,04-03-16,268.32
20,03-03-16,268.7
21,02-03-16,262.52
22,01-03-16,261.98
23,29-02-16,262.56
24,26-02-16,264.63
25,25-02-16,263.46
26,24-02-16,262.08
27,23-02-16,265.36
28,22-02-16,265.61
29,19-02-16,263.15
30,18-02-16,264.83
31,17-02-16,264.33
32,16-02-16,257.85
33,15-02-16,258.54
34,12-02-16,254.56
35,11-02-16,252.91
36,10-02-16,253.2
37,09-02-16,253.19
38,08-02-16,255.53
39,05-02-16,259.82
40,04-02-16,258.86
41,03-02-16,253.69
42,02-02-16,252.39
43,01-02-16,256.11
44,29-01-16,255.86
45,28-01-16,253.07
46,27-01-16,249.36
47,26-01-16,247.93
48,25-01-16,249.41
49,22-01-16,248.62
50,21-01-16,243.95
51,20-01-16,244.87
52,19-01-16,247.7
53,18-01-16,247.06
54,15-01-16,255.1
55,14-01-16,260.84
56,13-01-16,261.18
57,12-01-16,259.24
58,11-01-16,254.97
59,08-01-16,257.89
60,07-01-16,259.04
61,05-01-16,264.09
62,04-01-16,265.55
63,30-12-15,271.26
64,29-12-15,272.8
65,28-12-15,270.06
66,23-12-15,269.32
67,22-12-15,267.89
68,21-12-15,266.5
69,18-12-15,265.01
70,17-12-15,262.98
71,16-12-15,258.57
72,15-12-15,253.95
73,14-12-15,252.34
74,11-12-15,254.98
75,10-12-15,260.05
76,09-12-15,256.06
77,08-12-15,260.33
78,07-12-15,264.86
79,04-12-15,265.48
80,03-12-15,266.07
81,02-12-15,267.68
82,01-12-15,272.32
83,30-11-15,272.37
84,27-11-15,273.01
85,26-11-15,275.45
86,25-11-15,273.1
87,24-11-15,272.68
88,23-11-15,275.75
89,20-11-15,280.93
90,19-11-15,279.58
91,18-11-15,279.58
92,17-11-15,277.94
93,16-11-15,273.22
94,13-11-15,274.05
95,12-11-15,277.97
96,10-11-15,279.05
97,09-11-15,279.69
98,06-11-15,282.13
99,05-11-15,284.87
100,04-11-15,285.3
101,03-11-15,285.48
102,02-11-15,287.59
103,30-10-15,284.73
104,29-10-15,284.86
105,28-10-15,289.64
106,27-10-15,289.56
107,26-10-15,289.78
108,23-10-15,289.73
109,22-10-15,289.78
110,21-10-15,289.83
111,20-10-15,291.04
112,19-10-15,290.04
113,16-10-15,290.76
114,15-10-15,292.65
115,14-10-15,289.61
116,13-10-15,290.09
117,12-10-15,292.08
118,09-10-15,293
119,08-10-15,289.89
120,07-10-15,288.75
121,06-10-15,287.32
122,05-10-15,283.79
123,02-10-15,276.96
124,01-10-15,278.44
125,30-09-15,279.1
126,29-09-15,275.2
127,28-09-15,275.15
128,25-09-15,280.04
129,24-09-15,278.02
130,23-09-15,280.16
131,22-09-15,283.83
132,21-09-15,289.05
133,18-09-15,288
134,17-09-15,290.84
135,16-09-15,288.74
136,15-09-15,288.14
137,14-09-15,288.58
138,11-09-15,288.81
139,10-09-15,288.15
140,09-09-15,283.72
141,08-09-15,282.85
142,07-09-15,282.28
143,04-09-15,284
144,03-09-15,286.38
145,02-09-15,281.54
146,01-09-15,281.93
147,31-08-15,288.5
148,28-08-15,285.73
149,27-08-15,282.55
150,26-08-15,275.99
151,25-08-15,275.79
152,24-08-15,273.04
153,21-08-15,291.42
154,20-08-15,296.31
155,19-08-15,296.98
156,18-08-15,294.32
157,17-08-15,294.28
158,14-08-15,297.14
159,13-08-15,300.75
160,12-08-15,296.65
161,11-08-15,299.84
162,10-08-15,300.31
163,07-08-15,297.53
164,06-08-15,296.81
165,05-08-15,304.88
166,04-08-15,300.19
167,03-08-15,298.02
168,31-07-15,298.03
169,30-07-15,294.88
170,29-07-15,296.03
171,28-07-15,293.55
172,27-07-15,292.11
173,24-07-15,292.75
174,23-07-15,293.65
175,22-07-15,293.2
176,21-07-15,299.71
177,20-07-15,300.12
178,17-07-15,302.28
179,16-07-15,303.21
180,15-07-15,298.8
181,14-07-15,297.09
182,13-07-15,298.06
183,10-07-15,296.08
184,09-07-15,290.07
185,08-07-15,287.94
186,07-07-15,290.22
187,06-07-15,296.7
188,03-07-15,297.71
189,02-07-15,299.16
190,01-07-15,299.34
191,30-06-15,301.42
192,29-06-15,299.57
193,26-06-15,306.45
194,25-06-15,307.06
195,24-06-15,307.06
196,23-06-15,306.66
197,22-06-15,306.43
198,19-06-15,300.67
199,18-06-15,302.97
200,17-06-15,300.98
201,16-06-15,306.2
202,15-06-15,306.37
203,12-06-15,307.7
204,11-06-15,310.31
205,10-06-15,309.87
206,09-06-15,305.78
207,08-06-15,307.7
208,05-06-15,310.35
209,03-06-15,314.01
210,02-06-15,315.37
211,01-06-15,317.42
212,29-05-15,315.77
213,28-05-15,316.44
214,27-05-15,318.65
215,26-05-15,316.07
216,25-05-15,318.42
217,22-05-15,323.8
218,21-05-15,324.5
219,20-05-15,324.02
220,19-05-15,325.35
221,18-05-15,325.36
222,15-05-15,325.82
223,14-05-15,326.03
224,13-05-15,327.87
225,12-05-15,328.6
226,11-05-15,329.05
227,08-05-15,329.36
228,07-05-15,326.35
229,06-05-15,326.05
230,05-05-15,323.8
231,04-05-15,325.05
232,30-04-15,323.46
233,29-04-15,322.49
234,28-04-15,323.9
235,27-04-15,324.25
236,24-04-15,321.62
237,23-04-15,321.31
238,22-04-15,320.77
239,21-04-15,319.29
240,20-04-15,319.37
241,17-04-15,316
242,16-04-15,319.54
243,15-04-15,318.03
244,14-04-15,314.84
245,13-04-15,315.14
246,10-04-15,315.24
247,09-04-15,315.84
248,08-04-15,313.25
249,07-04-15,311.81
250,02-04-15,310.33
251,01-04-15,308.95
252,31-03-15,309.23
253,30-03-15,308.94
254,27-03-15,306.77
255,26-03-15,306.6
256,25-03-15,310.32
257,24-03-15,311.23
258,23-03-15,312.52
259,20-03-15,312.51
260,19-03-15,310.06
261,18-03-15,304.96
262,17-03-15,305.15
263,16-03-15,303.36
264,13-03-15,303.41
265,12-03-15,305.37
266,11-03-15,305.44
267,10-03-15,304.45
268,09-03-15,307.39
269,06-03-15,307.52
270,05-03-15,307.93
271,04-03-15,305.02
272,03-03-15,302.19
273,02-03-15,305.85
274,27-02-15,305.1
275,26-02-15,303.73
276,25-02-15,302.03
277,24-02-15,302.88
278,23-02-15,302.24
279,20-02-15,300.5
280,19-02-15,300.8
281,18-02-15,300.05
282,17-02-15,300.77
283,16-02-15,301.14
284,13-02-15,298.67
285,12-02-15,296.41
286,11-02-15,294.03
287,10-02-15,295.16
288,09-02-15,294.84
289,06-02-15,296.4
290,05-02-15,294.6
291,04-02-15,294.29
292,03-02-15,294.33
293,02-02-15,293.19
294,30-01-15,294.17
295,29-01-15,293.86
296,28-01-15,291.78
297,27-01-15,291.71
298,26-01-15,291.31
299,23-01-15,292.12
300,22-01-15,290.55
301,21-01-15,288.27
302,20-01-15,283.34
303,19-01-15,283.91
304,16-01-15,284.39
305,15-01-15,286.23
306,14-01-15,295.11
307,13-01-15,298.4
308,12-01-15,295.28
309,09-01-15,295.17
310,08-01-15,297.54
311,07-01-15,290.88
312,05-01-15,286.17
313,02-01-15,291.05
314,30-12-14,291.1
315,29-12-14,289.64
316,23-12-14,291.94
317,22-12-14,292.48
318,19-12-14,291.4
319,18-12-14,293.16
320,17-12-14,289.11
321,16-12-14,287.26
322,15-12-14,292.8
323,12-12-14,297.51
324,11-12-14,299.77
325,10-12-14,299.64
326,09-12-14,302.02
327,08-12-14,306.05
328,05-12-14,307.17
329,04-12-14,304.38
330,03-12-14,306.89
331,02-12-14,306.7
332,01-12-14,303.56
333,28-11-14,305.04
334,27-11-14,305.75
335,26-11-14,304.37
336,25-11-14,302.85
337,24-11-14,302.72
338,21-11-14,303
339,20-11-14,300.17
340,19-11-14,303.35
341,18-11-14,303.83
342,17-11-14,301.55
343,14-11-14,301.59
344,13-11-14,298.87
345,12-11-14,299.36
346,10-11-14,300.84
347,07-11-14,301.55
348,06-11-14,302.82
349,05-11-14,303.42
350,04-11-14,305.01
351,03-11-14,305.14
352,31-10-14,305.66
353,30-10-14,303.69
354,29-10-14,303.38
355,28-10-14,305.11
356,27-10-14,303.15
357,24-10-14,302.41
358,23-10-14,302.86
359,22-10-14,302.78
360,21-10-14,301.91
361,20-10-14,296.25
362,17-10-14,297.18
363,16-10-14,294.85
364,15-10-14,294.97
365,14-10-14,297.93
366,13-10-14,297.2
367,10-10-14,296.94
368,09-10-14,300.8
369,08-10-14,299.82
370,07-10-14,304.09
371,06-10-14,305.13
372,03-10-14,303.77
373,02-10-14,301.35
374,01-10-14,305.7
375,30-09-14,310.45
376,29-09-14,309.14
377,26-09-14,309.35
378,25-09-14,307.52
379,24-09-14,308.14
380,23-09-14,308.3
381,22-09-14,312.66
382,19-09-14,314.4
383,18-09-14,310.85
384,17-09-14,311.8
385,16-09-14,308.85
386,15-09-14,307.25
387,12-09-14,305.39
388,11-09-14,306.04
389,10-09-14,308.56
390,09-09-14,308.34
391,08-09-14,309.12
392,05-09-14,308.18
393,04-09-14,308.28
394,03-09-14,304.88
395,02-09-14,297.32
396,01-09-14,296.32
397,29-08-14,294.19
398,28-08-14,294.02
399,27-08-14,300.91
400,26-08-14,300.68
401,25-08-14,297.39
402,22-08-14,295.86
403,21-08-14,296.27
404,20-08-14,297.21
405,19-08-14,296.72
406,18-08-14,296.36
407,14-08-14,292.61
408,13-08-14,288.77
409,12-08-14,285.41
410,11-08-14,285.74
411,08-08-14,280.5
412,07-08-14,283.16
413,06-08-14,287.33
414,05-08-14,288.69
415,04-08-14,289
416,01-08-14,286.53
417,31-07-14,285.05
418,30-07-14,287.2
419,29-07-14,292.64
420,28-07-14,294.22
421,25-07-14,294.49
422,24-07-14,294.99
423,23-07-14,294.79
424,22-07-14,295.26
425,21-07-14,292.13
426,18-07-14,293.19
427,17-07-14,294.2
428,16-07-14,293.81
429,15-07-14,293.69
430,14-07-14,293.2
431,11-07-14,291.78
432,10-07-14,288.05
433,09-07-14,289.74
434,08-07-14,291.41
435,07-07-14,294.15
436,04-07-14,293.52
437,03-07-14,294.76
438,02-07-14,296.19
439,01-07-14,298.28
440,30-06-14,299.58
441,27-06-14,298.71
442,26-06-14,298.8
443,25-06-14,300.32
444,24-06-14,304.88
445,23-06-14,306.28
446,20-06-14,306.12
447,18-06-14,305.59
448,17-06-14,305.79
449,16-06-14,305.01
450,13-06-14,305.96
451,12-06-14,307.26
452,11-06-14,307.92
453,10-06-14,309.01
454,09-06-14,307.7
455,06-06-14,308.96
456,05-06-14,306.42
457,04-06-14,303.72
458,03-06-14,302.81
459,02-06-14,302.05
460,30-05-14,302.32
461,29-05-14,304.58
462,28-05-14,301.75
463,27-05-14,304.1
464,26-05-14,304.45
465,23-05-14,302.19
466,22-05-14,301.17
467,21-05-14,295.27
468,20-05-14,293.53
469,19-05-14,292.47
470,16-05-14,291.93
471,15-05-14,294.24
472,14-05-14,297.11
473,13-05-14,296.06
474,12-05-14,295.96
475,09-05-14,294.74
476,08-05-14,297.11
477,07-05-14,295.78
478,06-05-14,297.51
479,05-05-14,299.63
480,02-05-14,303.18
481,30-04-14,303.12
482,29-04-14,302.63
483,28-04-14,300.56
484,25-04-14,299.82
485,24-04-14,302.18
486,23-04-14,303.77
487,22-04-14,305.28
488,17-04-14,301.63
489,16-04-14,297.92
490,15-04-14,300.04
491,14-04-14,303.09
492,11-04-14,307.31
493,10-04-14,308.69
494,09-04-14,308.48
495,08-04-14,307.98
496,07-04-14,306.19
497,04-04-14,308.69
498,03-04-14,306.18
499,02-04-14,308.59
500,01-04-14,307.72
501,31-03-14,306.23
502,28-03-14,302.5
503,27-03-14,299.96
504,26-03-14,300.46
505,25-03-14,296.6
506,24-03-14,291.89
507,21-03-14,293.54
508,20-03-14,293.75
509,19-03-14,292.19
510,18-03-14,293.22
511,17-03-14,292.86
512,14-03-14,285.6
513,13-03-14,288.42
514,12-03-14,292.06
515,11-03-14,296.88
516,10-03-14,297.45
517,07-03-14,303.12
518,06-03-14,306.87
519,05-03-14,304.84
520,04-03-14,303.88
521,03-03-14,295.31
522,28-02-14,313.44
523,27-02-14,309.41
524,26-02-14,310.62
525,25-02-14,314.72
526,24-02-14,317.19
527,21-02-14,313.78
528,20-02-14,311.72
529,19-02-14,313.63
530,18-02-14,312.83
531,17-02-14,314.51
532,14-02-14,314.32
533,13-02-14,312.63
534,12-02-14,311.88
535,11-02-14,307.56
536,10-02-14,304.48
537,07-02-14,306.42
538,06-02-14,306.37
539,05-02-14,299.91
540,04-02-14,298.57
541,03-02-14,299.85
542,31-01-14,299.54
543,30-01-14,297.55
544,29-01-14,295.94
545,28-01-14,298.82
546,27-01-14,296.26
547,24-01-14,299.77
548,23-01-14,307.15
549,22-01-14,309.02
550,21-01-14,306.63
551,20-01-14,303.67
552,17-01-14,303.44
553,16-01-14,305.33
554,15-01-14,305.12
555,14-01-14,302.24
556,13-01-14,300.57
557,10-01-14,296.5
558,09-01-14,295.32
559,08-01-14,299.89
560,07-01-14,299.32
561,03-01-14,303.06
562,02-01-14,304.58
563,30-12-13,302.35
564,27-12-13,301.07
565,23-12-13,301.26
566,20-12-13,299.76
567,19-12-13,298.05
568,18-12-13,299.65
569,17-12-13,299.31
570,16-12-13,304.47
571,13-12-13,304.82
572,12-12-13,305.67
573,11-12-13,309.11
574,10-12-13,309.01
575,09-12-13,309.89
576,06-12-13,308.29
577,05-12-13,306.65
578,04-12-13,308.06
579,03-12-13,310.88
580,02-12-13,313.98
581,29-11-13,317.15
582,28-11-13,315.99
583,27-11-13,317.14
584,26-11-13,315.9
585,25-11-13,319.57
586,22-11-13,317.63
587,21-11-13,317.37
588,20-11-13,316.91
589,19-11-13,316.61
590,18-11-13,318.19
591,15-11-13,313.24
592,14-11-13,309.74
593,13-11-13,307.86
594,12-11-13,312.75
595,08-11-13,312.03
596,07-11-13,313.79
597,06-11-13,314.62
598,05-11-13,312.31
599,04-11-13,315.24
600,31-10-13,312.46
601,30-10-13,314.5
602,29-10-13,315.84
603,28-10-13,313.42
604,25-10-13,311.92
605,24-10-13,312.3
606,23-10-13,308.6
607,22-10-13,311.21
608,21-10-13,312.39
609,18-10-13,306.05
610,17-10-13,306.35
611,16-10-13,307.2
612,15-10-13,306.74
613,14-10-13,305.44
614,11-10-13,304.08
615,10-10-13,302.27
616,09-10-13,294.03
617,08-10-13,292.76
618,07-10-13,293.82
619,04-10-13,295.32
620,03-10-13,296.49
621,02-10-13,295.25
622,01-10-13,295.12
623,30-09-13,293.24
624,27-09-13,296.26
625,26-09-13,297
626,25-09-13,293.8
627,24-09-13,291.8
628,23-09-13,292.21
629,20-09-13,294.26
630,19-09-13,294.52
631,18-09-13,289.57
632,17-09-13,289.29
633,16-09-13,286.99
634,13-09-13,289.12
635,12-09-13,292.06
636,11-09-13,290.13
637,10-09-13,289.08
638,09-09-13,283.05
639,06-09-13,276.59
640,05-09-13,271.34
641,04-09-13,281.01
642,03-09-13,286.53
643,02-09-13,287.84
644,30-08-13,285.55
645,29-08-13,285.93
646,28-08-13,285.19
647,27-08-13,286.63
648,26-08-13,292.38
649,23-08-13,292.85
650,22-08-13,292.59
651,21-08-13,288.91
652,20-08-13,289.56
653,19-08-13,292.77
654,16-08-13,295.75
655,14-08-13,297.15
656,13-08-13,294.76
657,12-08-13,293.57
658,09-08-13,290.33
659,08-08-13,288.31
660,07-08-13,285.19
661,06-08-13,283.34
662,05-08-13,286.85
663,02-08-13,286.71
664,01-08-13,281.78
665,31-07-13,279.06
666,30-07-13,277.3
667,29-07-13,276.57
668,26-07-13,275.18
669,25-07-13,277.16
670,24-07-13,277.75
671,23-07-13,277.23
672,22-07-13,275.58
673,19-07-13,275.83
674,18-07-13,275.99
675,17-07-13,275.86
676,16-07-13,275.4
677,15-07-13,276.34
678,12-07-13,275.65
679,11-07-13,272.92
680,10-07-13,269.64
681,09-07-13,266.09
682,08-07-13,267.63
683,05-07-13,269.68
684,04-07-13,273.1
685,03-07-13,270.42
686,02-07-13,272.42
687,01-07-13,269.3
688,28-06-13,268.18
689,27-06-13,262.94
690,26-06-13,269.44
691,25-06-13,269.59
692,24-06-13,269.32
693,21-06-13,270.44
694,20-06-13,276.71
695,19-06-13,286.06
696,18-06-13,288.36
697,17-06-13,288.17
698,14-06-13,288.87
699,13-06-13,287.61
700,12-06-13,288.32
701,11-06-13,287.97
702,10-06-13,289.51
703,07-06-13,287.95
704,06-06-13,283.13
705,05-06-13,284.83
706,04-06-13,284.53
707,03-06-13,282.09
708,31-05-13,287.09
709,29-05-13,284.72
710,28-05-13,285.27
711,27-05-13,283.82
712,24-05-13,278.24
713,23-05-13,275.93
714,22-05-13,277.41
715,21-05-13,277.11
716,20-05-13,277.14
717,17-05-13,277.89
718,16-05-13,277.25
719,15-05-13,278.45
720,14-05-13,277.02
721,13-05-13,274.07
722,10-05-13,272.81
723,09-05-13,272.68
724,08-05-13,274.64
725,07-05-13,273.3
726,06-05-13,272.24
727,02-05-13,269.6
728,30-04-13,271.14
729,29-04-13,269.99
730,26-04-13,269.65
731,25-04-13,268.76
732,24-04-13,268.29
733,23-04-13,266.59
734,22-04-13,266.98
735,19-04-13,266.99
736,18-04-13,266.46
737,17-04-13,269.35
738,15-04-13,274.24
739,12-04-13,279.2
740,11-04-13,280.9
741,10-04-13,277.82
742,09-04-13,275.88
743,08-04-13,274.76
744,05-04-13,274.77
745,04-04-13,275.77
746,03-04-13,275.23
747,02-04-13,279.06
748,28-03-13,277.81
749,27-03-13,277.77
750,26-03-13,274.48
751,25-03-13,273.45
752,22-03-13,276.68
753,21-03-13,279.72
754,20-03-13,282.58
755,19-03-13,282.46
756,18-03-13,285.85
757,15-03-13,288.64
758,14-03-13,289.2
759,13-03-13,287.39
760,12-03-13,287.31
761,11-03-13,286.92
762,08-03-13,287.64
763,07-03-13,285.8
764,06-03-13,287.12
765,05-03-13,286.84
766,04-03-13,284.45
767,01-03-13,285.54
768,28-02-13,286.18
769,27-02-13,284.87
770,26-02-13,283.06
771,25-02-13,285.2
772,22-02-13,283.28
773,21-02-13,282.58
774,20-02-13,283.75
775,19-02-13,286.81
776,18-02-13,287.21
777,15-02-13,286.13
778,14-02-13,285.34
779,13-02-13,286.09
780,12-02-13,285.46
781,11-02-13,285.64
782,08-02-13,285.49
783,07-02-13,283.29
784,06-02-13,282.57
785,05-02-13,285.06
786,04-02-13,284.25
787,01-02-13,286.34
788,31-01-13,286.44
789,30-01-13,286.55
790,29-01-13,287.8
791,28-01-13,287.42
792,25-01-13,289.58
793,24-01-13,291.83
794,23-01-13,290.25
795,22-01-13,291.89
796,21-01-13,292.29
797,18-01-13,291.41
798,17-01-13,290.51
799,16-01-13,288.51
800,15-01-13,285.88
801,14-01-13,287.41
802,11-01-13,287.08
803,10-01-13,287.23
804,09-01-13,286.65
805,08-01-13,286.17
806,07-01-13,287.42
807,04-01-13,288.99
808,03-01-13,290.27
809,02-01-13,289.55
810,28-12-12,286.26
811,27-12-12,285.72
812,21-12-12,284.32
813,20-12-12,286.17
814,19-12-12,287.43
815,18-12-12,284.66
816,17-12-12,282.94
817,14-12-12,282.53
818,13-12-12,281.83
819,12-12-12,282.18
820,11-12-12,281.02
821,10-12-12,277.23
822,07-12-12,274.66
823,06-12-12,277.78
824,05-12-12,276.49
825,04-12-12,275.6
826,03-12-12,273.8
827,30-11-12,271.79
828,29-11-12,271.06
829,28-11-12,270.35
830,27-11-12,271.01
831,26-11-12,270.4
832,23-11-12,268.95
833,22-11-12,267.6
834,21-11-12,268.45
835,20-11-12,269.78
836,19-11-12,268.57
837,16-11-12,264.87
838,15-11-12,265.2
839,14-11-12,264.87
840,13-11-12,264.01
841,12-11-12,262.36
842,09-11-12,261.7
843,08-11-12,263.43
844,07-11-12,262.67
845,06-11-12,264.37
846,05-11-12,264.34
847,02-11-12,264.04
848,31-10-12,262.07
849,30-10-12,261.39
850,29-10-12,260.86
851,26-10-12,260.87
852,25-10-12,261.39
853,24-10-12,261.27
854,23-10-12,260.5
855,22-10-12,264.29
856,19-10-12,264.89
857,18-10-12,269.35
858,17-10-12,268.38
859,16-10-12,267.57
860,15-10-12,265.21
861,12-10-12,264.5
862,11-10-12,265.65
863,10-10-12,265.16
864,09-10-12,264.22
865,08-10-12,266.1
866,05-10-12,267.02
867,04-10-12,262.61
868,03-10-12,264.26
869,02-10-12,264.48
870,01-10-12,263.9
871,28-09-12,261.02
872,27-09-12,262.17
873,26-09-12,260.42
874,25-09-12,262.37
875,24-09-12,261.55
876,21-09-12,262.72
877,20-09-12,262.23
878,19-09-12,265.3
879,18-09-12,263.33
880,17-09-12,262.62
881,14-09-12,263.78
882,13-09-12,257.7
883,12-09-12,257.41
884,11-09-12,257.24
885,10-09-12,255.89
886,07-09-12,254.71
887,06-09-12,252.15
888,05-09-12,249.2
889,04-09-12,248.94
890,03-09-12,249.94
891,31-08-12,248.87
892,30-08-12,246.76
893,29-08-12,247.87
894,28-08-12,249.78
895,27-08-12,250.5
896,24-08-12,250.72
897,23-08-12,250.81
898,22-08-12,251.76
899,21-08-12,252.71
900,20-08-12,250.7
901,17-08-12,251.57
902,16-08-12,253.39
903,14-08-12,251.48
904,13-08-12,250.8
905,10-08-12,251.12
906,09-08-12,251.33
907,08-08-12,247.45
908,07-08-12,247.88
909,06-08-12,247.75
910,03-08-12,245.5
911,02-08-12,241.15
912,01-08-12,243.18
913,31-07-12,243.76
914,30-07-12,244.19
915,27-07-12,241.5
916,26-07-12,237.9
917,25-07-12,237.35
918,24-07-12,237.26
919,23-07-12,235.99
920,20-07-12,243.1
921,19-07-12,245.24
922,18-07-12,244.22
923,17-07-12,245
924,16-07-12,244.87
925,13-07-12,244.81
926,12-07-12,242.07
927,11-07-12,242.96
928,10-07-12,244.79
929,09-07-12,244.66
930,06-07-12,247.32
931,05-07-12,248.63
932,04-07-12,246.82
933,03-07-12,247.38
934,02-07-12,245.69
935,29-06-12,246.5
936,28-06-12,242.91
937,27-06-12,246.77
938,26-06-12,244.16
939,25-06-12,240.87
940,22-06-12,243.47
941,21-06-12,243.72
942,20-06-12,246.05
943,19-06-12,246.39
944,18-06-12,240.99
945,15-06-12,240.99
946,14-06-12,238.79
947,13-06-12,239.05
948,12-06-12,239.64
949,11-06-12,235.83
950,08-06-12,234.18
951,06-06-12,229.8
952,05-06-12,224.42
953,04-06-12,227.83
954,01-06-12,228.58
955,31-05-12,231.57
956,30-05-12,229.47
957,29-05-12,231.13
958,28-05-12,228.37
959,25-05-12,226.57
960,24-05-12,226.27
961,23-05-12,227.21
962,22-05-12,232.51
963,21-05-12,231.48
964,18-05-12,229.51
965,17-05-12,230.07
966,16-05-12,235.55
967,15-05-12,235.28
968,14-05-12,237.12
969,11-05-12,241.7
970,10-05-12,242
971,09-05-12,241.07
972,08-05-12,242.61
973,07-05-12,246.18
974,04-05-12,245.94
975,02-05-12,247.06
976,30-04-12,248.63
977,27-04-12,247.88
978,26-04-12,244.59
979,25-04-12,243.14
980,24-04-12,242.37
981,23-04-12,240.81
982,20-04-12,247.36
983,19-04-12,248.56
984,18-04-12,249.52
985,17-04-12,251.53
986,16-04-12,250.39
987,13-04-12,251.06
988,12-04-12,253.99
989,11-04-12,252.23
990,10-04-12,250.87
991,05-04-12,254.68
992,04-04-12,253.92
993,03-04-12,258.34
994,02-04-12,258.07
995,30-03-12,256.83
996,29-03-12,256.09
997,28-03-12,259.96
998,27-03-12,260.9
999,26-03-12,259.65
1000,23-03-12,257.16
1001,22-03-12,255.42
1002,21-03-12,259
1003,20-03-12,260.59
1004,19-03-12,263.2
1005,16-03-12,264.91
1006,15-03-12,265.78
1007,14-03-12,265.19
1008,13-03-12,261.41
1009,12-03-12,260.53
1010,09-03-12,260.13
1011,08-03-12,259.99
1012,07-03-12,257.23
1013,06-03-12,255.98
1014,05-03-12,260.46
1015,02-03-12,263.4
1016,01-03-12,262.59
1017,29-02-12,263.18
1018,28-02-12,263.48
1019,27-02-12,262.13
1020,24-02-12,263.45
1021,23-02-12,262.63
1022,22-02-12,264.75
1023,21-02-12,266.66
1024,20-02-12,266.5
1025,17-02-12,266.84
1026,16-02-12,262.47
1027,15-02-12,263.55
1028,14-02-12,263.33
1029,13-02-12,264.17
1030,10-02-12,261.25
1031,09-02-12,265.18
1032,08-02-12,267.68
1033,07-02-12,266.67
1034,06-02-12,266.68
1035,03-02-12,264.73
1036,02-02-12,264.09
1037,01-02-12,263.62
1038,31-01-12,260.44
1039,30-01-12,258.01
1040,27-01-12,256.89
1041,26-01-12,255.82
1042,25-01-12,250.5
1043,24-01-12,250.51
1044,23-01-12,251.18
1045,20-01-12,249.23
1046,19-01-12,247.34
1047,18-01-12,246.09
1048,17-01-12,244.97
1049,16-01-12,241.05
1050,13-01-12,238.92
1051,12-01-12,239.46
1052,11-01-12,235.77
1053,10-01-12,235.65
1054,09-01-12,234.01
1055,05-01-12,235.87
1056,04-01-12,237.53
1057,03-01-12,239.76
1058,02-01-12,237.89
1059,30-12-11,234.1
1060,29-12-11,235.16
1061,28-12-11,233.67
1062,27-12-11,235.37
1063,23-12-11,235.63
1064,22-12-11,234.62
1065,21-12-11,235.35
1066,20-12-11,233.6
1067,19-12-11,231.77
1068,16-12-11,234.03
1069,15-12-11,237.31
1070,14-12-11,237.16
1071,13-12-11,237.51
1072,12-12-11,237.28
1073,09-12-11,241.88
1074,08-12-11,240.87
1075,07-12-11,244.1
1076,06-12-11,243.29
1077,05-12-11,247.79
1078,02-12-11,245.66
1079,01-12-11,245.18
1080,30-11-11,246.18
1081,29-11-11,238.26
1082,28-11-11,240.23
1083,25-11-11,236.67
1084,24-11-11,237.25
1085,23-11-11,237.33
1086,22-11-11,241.12
1087,21-11-11,239.77
1088,18-11-11,245.92
1089,17-11-11,250.28
1090,16-11-11,254.52
1091,15-11-11,254.13
1092,14-11-11,255.88
1093,10-11-11,253.16
1094,09-11-11,256.65
1095,08-11-11,263.08
1096,07-11-11,263.3
1097,04-11-11,262.1
1098,03-11-11,264.11
1099,02-11-11,260.49
1100,31-10-11,263.18
1101,28-10-11,266.42
1102,27-10-11,266.78
1103,26-10-11,260.85
1104,25-10-11,260.55
1105,24-10-11,263.21
1106,21-10-11,258.16
1107,20-10-11,251.42
1108,19-10-11,258.7
1109,18-10-11,257.94
1110,17-10-11,258.31
1111,14-10-11,260.14
1112,13-10-11,257.13
1113,12-10-11,261.42
1114,11-10-11,255.32
1115,10-10-11,254.86
1116,07-10-11,247.68
1117,06-10-11,245.89
1118,05-10-11,243.39
1119,04-10-11,238.72
1120,03-10-11,244.53
1121,30-09-11,248.74
1122,29-09-11,249.22
1123,28-09-11,247.86
1124,27-09-11,247.49
1125,26-09-11,239.97
1126,23-09-11,238.85
1127,22-09-11,240.63
1128,21-09-11,254.84
1129,20-09-11,255.41
1130,19-09-11,251.55
1131,16-09-11,254.62
1132,15-09-11,253.12
1133,14-09-11,247.73
1134,13-09-11,246.47
1135,12-09-11,244.49
1136,09-09-11,253.58
1137,08-09-11,262.53
1138,07-09-11,262
1139,06-09-11,254.4
1140,05-09-11,253.43
1141,02-09-11,262.38
1142,01-09-11,268.52
1143,31-08-11,270.94
1144,30-08-11,264.92
1145,29-08-11,261.13
1146,26-08-11,256.06
1147,25-08-11,255.75
1148,24-08-11,254.73
1149,23-08-11,254.87
1150,22-08-11,253.34
1151,19-08-11,248.99
1152,18-08-11,249.56
1153,17-08-11,264.22
1154,16-08-11,262.93
1155,12-08-11,258.21
1156,11-08-11,251.14
1157,10-08-11,240.95
1158,09-08-11,251.14
1159,08-08-11,260.49
1160,05-08-11,270.75
1161,04-08-11,277.35
1162,03-08-11,287.09
1163,02-08-11,297.46
1164,01-08-11,300.87
1165,29-07-11,302.74
1166,28-07-11,302.93
1167,27-07-11,300.53
1168,26-07-11,302.87
1169,25-07-11,303.27
1170,22-07-11,304.1
1171,21-07-11,303.83
1172,20-07-11,301.62
1173,19-07-11,300.37
1174,18-07-11,300.77
1175,15-07-11,306.76
1176,14-07-11,306.73
1177,13-07-11,309.46
1178,12-07-11,306.92
1179,11-07-11,308.07
1180,08-07-11,312.69
1181,07-07-11,314.69
1182,06-07-11,309.46
1183,05-07-11,312.11
1184,04-07-11,311.57
1185,01-07-11,312.16
1186,30-06-11,311.62
1187,29-06-11,311
1188,28-06-11,307.91
1189,27-06-11,308.35
1190,24-06-11,310.62
1191,22-06-11,310.98
1192,21-06-11,313.12
1193,20-06-11,312.97
1194,17-06-11,316.13
1195,16-06-11,314.94
1196,15-06-11,315.83
1197,14-06-11,317.18
1198,13-06-11,315.98
1199,10-06-11,315.58
1200,09-06-11,317.52
1201,08-06-11,318.43
1202,07-06-11,320.28
1203,06-06-11,318.76
1204,03-06-11,320.49
1205,02-06-11,322.03
1206,01-06-11,322.41
1207,31-05-11,322.57
1208,30-05-11,319.69
1209,27-05-11,318.94
1210,26-05-11,317.65
1211,25-05-11,317.52
1212,24-05-11,316.31
1213,23-05-11,314.87
1214,20-05-11,316.68
1215,19-05-11,316.99
1216,18-05-11,315.32
1217,17-05-11,314.37
1218,16-05-11,317.94
1219,13-05-11,316.86
1220,12-05-11,317.89
1221,11-05-11,320.22
1222,10-05-11,322.91
1223,09-05-11,320.88
1224,06-05-11,323.34
1225,05-05-11,322.34
1226,04-05-11,324.04
1227,02-05-11,329.43
1228,29-04-11,328.15
1229,28-04-11,328.76
1230,27-04-11,327.79
1231,26-04-11,329.01
1232,21-04-11,329.26
1233,20-04-11,330.37
1234,19-04-11,327.22
1235,18-04-11,324.79
1236,15-04-11,329.7
1237,14-04-11,328.93
1238,13-04-11,331.44
1239,12-04-11,328.6
1240,11-04-11,330.87
1241,08-04-11,331.54
1242,07-04-11,333.46
1243,06-04-11,333.5
1244,05-04-11,331.01
1245,04-04-11,331.09
1246,01-04-11,330.59
1247,31-03-11,326.48
1248,30-03-11,325.71
1249,29-03-11,325.25
1250,28-03-11,326.32
1251,25-03-11,325.51
1252,24-03-11,322.61
1253,23-03-11,321.02
1254,22-03-11,319.81
1255,21-03-11,322.26
1256,18-03-11,319.76
1257,17-03-11,317.79
1258,16-03-11,313.07
1259,15-03-11,315.03
1260,14-03-11,317.43
1261,11-03-11,317.93
1262,10-03-11,319.93
1263,09-03-11,321.75
1264,08-03-11,323.99
1265,07-03-11,323.29
1266,04-03-11,322.55
1267,03-03-11,321.36
1268,02-03-11,317.38
1269,01-03-11,316.5
1270,28-02-11,319.94
1271,25-02-11,316.14
1272,24-02-11,313.67
1273,23-02-11,315.28
1274,22-02-11,314.45
1275,21-02-11,315.7
1276,18-02-11,316.2
1277,17-02-11,315.76
1278,16-02-11,319.34
1279,15-02-11,320.02
1280,14-02-11,320.49
1281,11-02-11,320.86
1282,10-02-11,318.2
1283,09-02-11,322.32
1284,08-02-11,321.91
1285,07-02-11,322.38
1286,04-02-11,321.08
1287,03-02-11,320.59
1288,02-02-11,319.81
1289,01-02-11,320.58
1290,31-01-11,316.51
1291,28-01-11,316.92
1292,27-01-11,319.27
1293,26-01-11,317.81
1294,25-01-11,316.39
1295,24-01-11,317.85
1296,21-01-11,319.55
1297,20-01-11,319.2
1298,19-01-11,322.98
1299,18-01-11,323.83
1300,17-01-11,318.35
1301,14-01-11,317.96
1302,13-01-11,319.76
1303,12-01-11,319.31
1304,11-01-11,316.18
1305,10-01-11,313.62
1306,07-01-11,316.63
1307,05-01-11,318.45
1308,04-01-11,322.42
1309,03-01-11,323.86
1310,31-12-10,320.87
1311,30-12-10,322.09
1312,29-12-10,323.24
1313,28-12-10,320.15
1314,27-12-10,320.8
1315,23-12-10,320.63
1316,22-12-10,320.4
1317,21-12-10,320.62
1318,20-12-10,318.82
1319,17-12-10,320.04
1320,16-12-10,318.46
1321,15-12-10,321.17
1322,14-12-10,320.2
1323,13-12-10,321
1324,10-12-10,320.5
1325,09-12-10,320.22
1326,08-12-10,320.46
1327,07-12-10,320.2
1328,06-12-10,319.58
1329,03-12-10,316.81
1330,02-12-10,314.38
1331,01-12-10,312.51
1332,30-11-10,307.29
1333,29-11-10,307.49
1334,26-11-10,309.78
1335,25-11-10,312.26
1336,24-11-10,311.79
1337,23-11-10,310.78
1338,22-11-10,313.22
1339,19-11-10,313.49
1340,18-11-10,315.81
1341,17-11-10,314.24
1342,16-11-10,315.94
1343,15-11-10,320.38
1344,12-11-10,321.48
1345,10-11-10,320.04
1346,09-11-10,323.4
1347,08-11-10,320.41
1348,05-11-10,320.4
1349,04-11-10,318.94
1350,03-11-10,315.33
1351,02-11-10,318.09
1352,29-10-10,316.4
1353,28-10-10,315.12
1354,27-10-10,314.82
1355,26-10-10,315.18
1356,25-10-10,315.82
1357,22-10-10,314.71
1358,21-10-10,315.36
1359,20-10-10,312.75
1360,19-10-10,311.43
1361,18-10-10,315.64
1362,15-10-10,315.38
1363,14-10-10,315.47
1364,13-10-10,317.99
1365,12-10-10,313.36
1366,11-10-10,313.83
1367,08-10-10,312.15
1368,07-10-10,313.32
1369,06-10-10,314.6
1370,05-10-10,311.72
1371,04-10-10,308.54
1372,01-10-10,307.05
1373,30-09-10,307.14
1374,29-09-10,304.84
1375,28-09-10,303.12
1376,27-09-10,305.09
1377,24-09-10,305
1378,23-09-10,301.59
1379,22-09-10,302.7
1380,21-09-10,303.78
1381,20-09-10,301.56
1382,17-09-10,301.31
1383,16-09-10,301.46
1384,15-09-10,302.15
1385,14-09-10,301.97
1386,13-09-10,302.96
1387,10-09-10,299.09
1388,09-09-10,299.8
1389,08-09-10,298.64
1390,07-09-10,294.47
1391,06-09-10,296.03
1392,03-09-10,295.51
1393,02-09-10,293.5
1394,01-09-10,292.5
1395,31-08-10,290.19
1396,30-08-10,288.84
1397,27-08-10,289.1
1398,26-08-10,286.95
1399,25-08-10,286.17
1400,24-08-10,287.78
1401,23-08-10,292.59
1402,20-08-10,290.7
1403,19-08-10,292.66
1404,18-08-10,293.9
1405,17-08-10,294.18
1406,16-08-10,292.78
1407,13-08-10,290.84
1408,12-08-10,291.94
1409,11-08-10,292.24
1410,10-08-10,295.91
1411,09-08-10,298.83
1412,06-08-10,299.57
1413,05-08-10,300.9
1414,04-08-10,302.97
1415,03-08-10,302.28
1416,02-08-10,301.85
1417,30-07-10,295.47
1418,29-07-10,296.34
1419,28-07-10,293.86
1420,27-07-10,295.57
1421,26-07-10,296.31
1422,23-07-10,293.1
1423,22-07-10,293.48
1424,21-07-10,289.09
1425,20-07-10,284.66
1426,19-07-10,286.11
1427,16-07-10,286.36
1428,15-07-10,287.47
1429,14-07-10,286.95
1430,13-07-10,285.73
1431,12-07-10,283.36
1432,09-07-10,281.59
1433,08-07-10,281.74
1434,07-07-10,281.47
1435,06-07-10,280.59
1436,05-07-10,277.21
1437,02-07-10,278.27
1438,01-07-10,276.1
1439,30-06-10,276.66
1440,29-06-10,277.82
1441,28-06-10,282.63
1442,25-06-10,282.21
1443,24-06-10,281.24
1444,23-06-10,282.72
1445,22-06-10,286.5
1446,21-06-10,288
1447,18-06-10,285.77
1448,17-06-10,284.97
1449,16-06-10,286.81
1450,15-06-10,287.73
1451,14-06-10,287.45
1452,11-06-10,285.01
1453,10-06-10,284.96
1454,09-06-10,281.85
1455,08-06-10,280.54
1456,07-06-10,280.91
1457,04-06-10,283.77
1458,02-06-10,287.73
1459,01-06-10,287.12
1460,31-05-10,290.58
1461,28-05-10,290.09
1462,27-05-10,288.65
1463,26-05-10,286.25
1464,25-05-10,276.93
1465,24-05-10,282.21
1466,21-05-10,280.36
1467,20-05-10,279
1468,19-05-10,285.82
1469,18-05-10,292.49
1470,17-05-10,290.47
1471,14-05-10,288.6
1472,13-05-10,293.7
1473,12-05-10,293.9
1474,11-05-10,291.11
1475,10-05-10,293.1
1476,07-05-10,280.38
1477,06-05-10,287.37
1478,05-05-10,289.66
1479,04-05-10,294.55
1480,30-04-10,302.86
1481,29-04-10,301.19
1482,28-04-10,296.79
1483,27-04-10,301.8
1484,26-04-10,304.59
1485,23-04-10,299.72
1486,22-04-10,296.09
1487,21-04-10,300.87
1488,20-04-10,302.13
1489,19-04-10,298.69
1490,16-04-10,305.38
1491,15-04-10,306.76
1492,14-04-10,306.19
1493,13-04-10,304.46
1494,12-04-10,303.09
1495,09-04-10,300.2
1496,08-04-10,297.35
1497,07-04-10,301.25
1498,06-04-10,303.7
1499,01-04-10,303.26
1500,31-03-10,300.19
1501,30-03-10,301.29
1502,29-03-10,299.32
1503,26-03-10,299.43
1504,25-03-10,298.02
1505,24-03-10,294.43
1506,23-03-10,295.01
1507,22-03-10,293.23
1508,19-03-10,293.47
1509,18-03-10,293.02
1510,17-03-10,295.04
1511,16-03-10,293.65
1512,15-03-10,289.66
1513,12-03-10,291.89
1514,11-03-10,290.86
1515,10-03-10,290.97
1516,09-03-10,288.53
1517,08-03-10,287.79
1518,05-03-10,286.47
1519,04-03-10,283.18
1520,03-03-10,282.36
1521,02-03-10,282.35
1522,01-03-10,277.07
1523,26-02-10,274.94
1524,25-02-10,269.8
1525,24-02-10,273.31
1526,23-02-10,274
1527,22-02-10,276.64
1528,19-02-10,275.22
1529,18-02-10,274.28
1530,17-02-10,275.71
1531,16-02-10,272.84
1532,15-02-10,273.65
1533,12-02-10,269.81
1534,11-02-10,266.15
1535,10-02-10,269.32
1536,09-02-10,268.17
1537,08-02-10,266.68
1538,05-02-10,267.62
1539,04-02-10,274.16
1540,03-02-10,283.33
1541,02-02-10,281.4
1542,01-02-10,280.35
1543,29-01-10,282.49
1544,28-01-10,281.82
1545,27-01-10,282.36
1546,26-01-10,283.6
1547,25-01-10,286.1
1548,22-01-10,286.14
1549,21-01-10,291.01
1550,20-01-10,292.76
1551,19-01-10,293.36
1552,18-01-10,292.09
1553,15-01-10,289.49
1554,14-01-10,289.09
1555,13-01-10,288.32
1556,12-01-10,286.58
1557,11-01-10,288.64
1558,08-01-10,286.06
1559,07-01-10,285.03
1560,06-01-10,287.56
1561,05-01-10,287.05
1562,04-01-10,284.68
1563,31-12-09,280.52
1564,30-12-09,281.68
1565,29-12-09,283.13
1566,28-12-09,282.19
1567,23-12-09,280.94
1568,22-12-09,281.36
1569,21-12-09,279.58
1570,18-12-09,278.22
1571,17-12-09,278.75
1572,16-12-09,281.17
1573,15-12-09,280.15
1574,14-12-09,279.26
1575,11-12-09,277.59
1576,10-12-09,275.89
1577,09-12-09,276.43
1578,08-12-09,279.85
1579,07-12-09,283.42
1580,04-12-09,285.01
1581,03-12-09,281.69
1582,02-12-09,281.46
1583,01-12-09,280.48
1584,30-11-09,278.93
1585,27-11-09,276.92
1586,26-11-09,277.48
1587,25-11-09,281.26
1588,24-11-09,281.34
1589,23-11-09,284.45
1590,20-11-09,279.92
1591,19-11-09,277.76
1592,18-11-09,280.94
1593,17-11-09,286.04
1594,16-11-09,286.98
1595,13-11-09,280.68
1596,12-11-09,283.94
1597,10-11-09,282.08
1598,09-11-09,280.88
1599,06-11-09,273.66
1600,05-11-09,275.52
1601,04-11-09,271.97
1602,03-11-09,267.33
1603,02-11-09,272.44
1604,30-10-09,273.4
1605,29-10-09,275.35
1606,28-10-09,273.28
1607,27-10-09,277.79
1608,26-10-09,282.01
1609,23-10-09,284.18
1610,22-10-09,281.24
1611,21-10-09,281.82
1612,20-10-09,280.24
1613,19-10-09,278.07
1614,16-10-09,274.99
1615,15-10-09,275.78
1616,14-10-09,278.22
1617,13-10-09,272.24
1618,12-10-09,273.91
1619,09-10-09,271.76
1620,08-10-09,271.88
1621,07-10-09,270.18
1622,06-10-09,272.81
1623,05-10-09,267.83
1624,02-10-09,267.47
1625,01-10-09,274.04
1626,30-09-09,270.25
1627,29-09-09,270.83
1628,28-09-09,275.12
1629,25-09-09,273.9
1630,24-09-09,274.59
1631,23-09-09,275.61
1632,22-09-09,274.05
1633,21-09-09,265.53
1634,18-09-09,266.01
1635,17-09-09,266.74
1636,16-09-09,264.14
1637,15-09-09,259.46
1638,14-09-09,259.44
1639,11-09-09,264.58
1640,10-09-09,265.91
1641,09-09-09,268.85
1642,08-09-09,267.33
1643,07-09-09,268.25
1644,04-09-09,260.89
1645,03-09-09,259.53
1646,02-09-09,257.8
1647,01-09-09,266.53
1648,31-08-09,270.1
1649,28-08-09,271.69
1650,27-08-09,269.08
1651,26-08-09,270.87
1652,25-08-09,276.71
1653,24-08-09,274.5
1654,21-08-09,268.9
1655,20-08-09,262.29
1656,19-08-09,257.19
1657,18-08-09,254.49
1658,17-08-09,253.31
1659,14-08-09,258.91
1660,13-08-09,259.26
1661,12-08-09,254.66
1662,11-08-09,254.39
1663,10-08-09,256.11
1664,07-08-09,254.34
1665,06-08-09,251.23
1666,05-08-09,249.64
1667,04-08-09,253.9
1668,03-08-09,255.91
1669,31-07-09,254.19
1670,30-07-09,253.4
1671,29-07-09,246.12
1672,28-07-09,244.5
1673,27-07-09,246.1
1674,24-07-09,246.43
1675,23-07-09,242.97
1676,22-07-09,239.6
1677,21-07-09,242.26
1678,20-07-09,239.76
1679,17-07-09,232.66
1680,16-07-09,233.45
1681,15-07-09,233.54
1682,14-07-09,229.65
1683,13-07-09,222.41
1684,10-07-09,221.24
1685,09-07-09,223.1
1686,08-07-09,222.08
1687,07-07-09,221.37
1688,06-07-09,220.85
1689,03-07-09,222.69
1690,02-07-09,223.73
1691,01-07-09,226.65
1692,30-06-09,224.92
1693,29-06-09,225.24
1694,26-06-09,223.6
1695,25-06-09,222.48
1696,24-06-09,222.53
1697,23-06-09,220.18
1698,22-06-09,221.79
1699,19-06-09,231.83
1700,18-06-09,229.44
1701,17-06-09,229.43
1702,16-06-09,233.61
1703,15-06-09,233.96
1704,12-06-09,236.91
1705,10-06-09,234.48
1706,09-06-09,230.35
1707,08-06-09,227.09
1708,05-06-09,230.25
1709,04-06-09,230.75
1710,03-06-09,228.94
1711,02-06-09,231.54
1712,01-06-09,226.94
1713,29-05-09,217.41
1714,28-05-09,217.38
1715,27-05-09,219.18
1716,26-05-09,215.56
1717,25-05-09,215.15
1718,22-05-09,216.62
1719,21-05-09,218.31
1720,20-05-09,222.65
1721,19-05-09,222.11
1722,18-05-09,219.7
1723,15-05-09,216.74
1724,14-05-09,216.33
1725,13-05-09,218.03
1726,12-05-09,221.34
1727,11-05-09,217.15
1728,08-05-09,218.86
1729,07-05-09,218.35
1730,06-05-09,218.59
1731,05-05-09,217.48
1732,04-05-09,219.3
1733,30-04-09,213.42
1734,29-04-09,209.45
1735,28-04-09,203.92
1736,27-04-09,207.57
1737,24-04-09,209.41
1738,23-04-09,205.11
1739,22-04-09,203.22
1740,21-04-09,200.5
1741,20-04-09,200
1742,17-04-09,204.07
1743,16-04-09,208.36
1744,15-04-09,208.81
1745,14-04-09,207.93
1746,09-04-09,208.33
1747,08-04-09,204.85
1748,07-04-09,196.95
1749,06-04-09,199.21
1750,03-04-09,197.87
1751,02-04-09,193.71
1752,01-04-09,184.82
1753,31-03-09,183.96
1754,30-03-09,184.22
1755,27-03-09,189.17
1756,26-03-09,192.56
1757,25-03-09,193.29
1758,24-03-09,187.01
1759,23-03-09,186.68
1760,20-03-09,182.41
1761,19-03-09,181.03
1762,18-03-09,177.86
1763,17-03-09,179.96
1764,16-03-09,182.23
1765,13-03-09,180.08
1766,12-03-09,179.92
1767,11-03-09,180.1
1768,10-03-09,178.71
1769,09-03-09,176.41
1770,06-03-09,177.96
1771,05-03-09,174.96
1772,04-03-09,176.07
1773,03-03-09,171.31
1774,02-03-09,169.59
1775,27-02-09,169.1
1776,26-02-09,170.93
1777,25-02-09,168.15
1778,24-02-09,169.06
1779,23-02-09,170.06
1780,20-02-09,171.43
1781,19-02-09,174.13
1782,18-02-09,168.86
1783,17-02-09,168.05
1784,16-02-09,177.55
1785,13-02-09,182.85
1786,12-02-09,183.35
1787,11-02-09,187.29
1788,10-02-09,190.67
1789,09-02-09,190.03
1790,06-02-09,186.24
1791,05-02-09,182.34
1792,04-02-09,182.21
1793,03-02-09,180.9
1794,02-02-09,187.69
1795,30-01-09,192.65
1796,29-01-09,193.54
1797,28-01-09,194.98
1798,27-01-09,193.08
1799,26-01-09,197.26
1800,23-01-09,194
1801,22-01-09,194.81
1802,21-01-09,199.27
1803,20-01-09,197.8
1804,19-01-09,198.63
1805,16-01-09,202.94
1806,15-01-09,200.85
1807,14-01-09,202.8
1808,13-01-09,207.33
1809,12-01-09,208.97
1810,09-01-09,210.98
1811,08-01-09,214.12
1812,07-01-09,216.12
1813,06-01-09,218.49
1814,05-01-09,215.4
1815,31-12-08,209.34
1816,30-12-08,209.94
1817,29-12-08,208.14
1818,23-12-08,206.23
1819,22-12-08,205.09
1820,19-12-08,207.35
1821,18-12-08,209.24
1822,17-12-08,209.33
1823,16-12-08,214.5
1824,15-12-08,211.07
1825,12-12-08,209.7
1826,11-12-08,214.92
1827,10-12-08,215.47
1828,09-12-08,216.95
1829,08-12-08,214.5
1830,05-12-08,207.92
1831,04-12-08,210.33
1832,03-12-08,205.48
1833,02-12-08,207.83
1834,01-12-08,204.52
1835,28-11-08,208.24
1836,27-11-08,211.95
1837,26-11-08,210.01
1838,25-11-08,210.28
1839,24-11-08,208.09
1840,21-11-08,196.6
1841,20-11-08,194.9
1842,19-11-08,203.47
1843,18-11-08,201.12
1844,17-11-08,205.58
1845,14-11-08,209.97
1846,13-11-08,207.12
1847,12-11-08,213.47
1848,10-11-08,220.25
1849,07-11-08,218.3
1850,06-11-08,215.16
1851,05-11-08,221.87
1852,04-11-08,225.9
1853,03-11-08,218.02
1854,31-10-08,219.11
1855,30-10-08,215.87
1856,29-10-08,211.5
1857,28-10-08,199.21
1858,27-10-08,194.35
1859,24-10-08,194.3
1860,23-10-08,201.83
1861,22-10-08,208.5
1862,21-10-08,219.88
1863,20-10-08,217.42
1864,17-10-08,217.54
1865,16-10-08,225.91
1866,15-10-08,233.15
1867,14-10-08,243.41
1868,13-10-08,235.79
1869,10-10-08,231.82
1870,09-10-08,249.61
1871,08-10-08,248.53
1872,07-10-08,252.01
1873,06-10-08,255.89
1874,03-10-08,267.64
1875,02-10-08,269.77
1876,01-10-08,272.42
1877,30-09-08,270.31
1878,29-09-08,267.84
1879,26-09-08,275.61
1880,25-09-08,275.59
1881,24-09-08,270.54
1882,23-09-08,270.35
1883,22-09-08,275.7
1884,19-09-08,275.87
1885,18-09-08,265.62
1886,17-09-08,264.49
1887,16-09-08,264.1
1888,15-09-08,270.9
1889,12-09-08,279.61
1890,11-09-08,278.98
1891,10-09-08,283.5
1892,09-09-08,286.86
1893,08-09-08,288.52
1894,05-09-08,283.98
1895,04-09-08,290.56
1896,03-09-08,290.36
1897,02-09-08,291.81
1898,01-09-08,286
1899,29-08-08,286.38
1900,28-08-08,284.64
1901,27-08-08,282.15
1902,26-08-08,283.63
1903,25-08-08,286.36
1904,22-08-08,286.96
1905,21-08-08,284.04
1906,20-08-08,284.79
1907,19-08-08,284.08
1908,18-08-08,288.88
1909,14-08-08,290.13
1910,13-08-08,291.37
1911,12-08-08,293.04
1912,11-08-08,290.56
1913,08-08-08,287.86
1914,07-08-08,288.94
1915,06-08-08,292.43
1916,05-08-08,295.54
1917,04-08-08,293.55
1918,01-08-08,294.57
1919,31-07-08,296.25
1920,30-07-08,296.64
1921,29-07-08,287.18
1922,28-07-08,288.05
1923,25-07-08,287.02
1924,24-07-08,285.77
1925,23-07-08,287.16
1926,22-07-08,281.93
1927,21-07-08,281.63
1928,18-07-08,276.31
1929,17-07-08,275.44
1930,16-07-08,268.36
1931,15-07-08,269.41
1932,14-07-08,275.9
1933,11-07-08,276.6
1934,10-07-08,280.45
1935,09-07-08,282.98
1936,08-07-08,278.79
1937,07-07-08,277.9
1938,04-07-08,279.16
1939,03-07-08,282.05
1940,02-07-08,284.22
1941,01-07-08,285.42
1942,30-06-08,289.78
1943,27-06-08,291.83
1944,26-06-08,295.11
1945,25-06-08,296.27
1946,24-06-08,296.38
1947,23-06-08,298.91
1948,20-06-08,303.68
1949,19-06-08,305.96
1950,18-06-08,304.05
1951,17-06-08,308.11
1952,16-06-08,306.78
1953,13-06-08,308.63
1954,12-06-08,308.64
1955,11-06-08,306.58
1956,10-06-08,311.61
1957,09-06-08,319
1958,06-06-08,324.06
1959,05-06-08,325.27
1960,04-06-08,324.7
1961,03-06-08,329.75
1962,02-06-08,326.91
1963,30-05-08,328.42
1964,29-05-08,328.49
1965,28-05-08,330.27
1966,27-05-08,328.7
1967,26-05-08,329.08
1968,23-05-08,328.76
1969,21-05-08,331.09
1970,20-05-08,332.49
1971,19-05-08,335.99
1972,16-05-08,338.05
1973,15-05-08,336.5
1974,14-05-08,339.32
1975,13-05-08,337.58
1976,12-05-08,337.38
1977,09-05-08,336.07
1978,08-05-08,336.78
1979,07-05-08,340.08
1980,06-05-08,335.46
1981,05-05-08,336.05
1982,30-04-08,332.24
1983,29-04-08,328.68
1984,28-04-08,332.29
1985,25-04-08,329.22
1986,24-04-08,327.4
1987,23-04-08,324.84
1988,22-04-08,329.94
1989,21-04-08,335.32
1990,18-04-08,338.81
1991,17-04-08,336.29
1992,16-04-08,337.1
1993,15-04-08,336.27
1994,14-04-08,334.83
1995,11-04-08,337.83
1996,10-04-08,344.71
1997,09-04-08,347.42
1998,08-04-08,345.14
1999,07-04-08,348.64
2000,04-04-08,346.76
2001,03-04-08,344.39
2002,02-04-08,347.44
2003,01-04-08,346.98
2004,31-03-08,343.44
2005,28-03-08,343.14
2006,27-03-08,343.8
2007,26-03-08,339.38
2008,25-03-08,338.69
2009,20-03-08,330.51
2010,19-03-08,334.12
2011,17-03-08,323.14
2012,14-03-08,331.45
2013,13-03-08,332.94
2014,12-03-08,340.73
2015,11-03-08,339.02
2016,10-03-08,332.42
2017,07-03-08,328.64
2018,06-03-08,333.29
2019,05-03-08,336.44
2020,04-03-08,329.99
2021,03-03-08,334.84
2022,29-02-08,341.02
2023,28-02-08,347.74
2024,27-02-08,350.64
2025,26-02-08,351.15
2026,25-02-08,354.58
2027,22-02-08,354.11
2028,21-02-08,356.58
2029,20-02-08,358.02
2030,19-02-08,360.39
2031,14-02-08,360.08
2032,13-02-08,358.47
2033,12-02-08,355.33
2034,11-02-08,346.07
2035,08-02-08,343.88
2036,07-02-08,341.82
2037,06-02-08,346.44
2038,05-02-08,346.64
2039,04-02-08,356.31
2040,01-02-08,354.35
2041,31-01-08,345.34
2042,30-01-08,350.44
2043,29-01-08,347.64
2044,28-01-08,338.16
2045,25-01-08,344.06
2046,24-01-08,341.56
2047,23-01-08,327.71
2048,22-01-08,326.84
2049,21-01-08,323
2050,18-01-08,340.75
2051,17-01-08,338.9
2052,16-01-08,337.71
2053,15-01-08,349.87
2054,14-01-08,362.56
2055,11-01-08,368.3
2056,10-01-08,374.41
2057,09-01-08,383.22
2058,08-01-08,393.16
2059,07-01-08,391.89
2060,04-01-08,399.48
2061,03-01-08,404.25
2062,02-01-08,404.97
2063,28-12-07,407.24
2064,27-12-07,412.9
2065,21-12-07,407.81
2066,20-12-07,404.72
2067,19-12-07,404.2
2068,18-12-07,404.11
2069,17-12-07,406.01
2070,14-12-07,415.18
2071,13-12-07,421.51
2072,12-12-07,428.27
2073,11-12-07,427.29
2074,10-12-07,429.69
2075,07-12-07,429.29
2076,06-12-07,425.79
2077,05-12-07,425.37
2078,04-12-07,413.85
2079,03-12-07,413.42
2080,30-11-07,415.3
2081,29-11-07,411.53
2082,28-11-07,409.39
2083,27-11-07,401.64
2084,26-11-07,408.13
2085,23-11-07,412.21
2086,22-11-07,408.67
2087,21-11-07,402.15
2088,20-11-07,408.74
2089,19-11-07,407.94
2090,16-11-07,408.29
2091,15-11-07,409.5
2092,14-11-07,420.69
2093,13-11-07,424.37
2094,12-11-07,418.58
2095,09-11-07,424.93
2096,08-11-07,432.74
2097,07-11-07,438.02
2098,06-11-07,446.9
2099,05-11-07,447.17
2100,02-11-07,449.62
2101,31-10-07,456.11
2102,30-10-07,457.54
2103,29-10-07,460
2104,26-10-07,457.76
2105,25-10-07,459.44
2106,24-10-07,458.16
2107,23-10-07,461.62
2108,22-10-07,453.68
2109,19-10-07,456.39
2110,18-10-07,452.33
2111,17-10-07,459.6
2112,16-10-07,457.41
2113,15-10-07,463.78
2114,12-10-07,460.15
2115,11-10-07,461.56
2116,10-10-07,453.72
2117,09-10-07,454.13
2118,08-10-07,445.38
2119,05-10-07,444.07
2120,04-10-07,441.21
2121,03-10-07,440.9
2122,02-10-07,442.9
2123,01-10-07,438.31
2124,28-09-07,438.53
2125,27-09-07,442.8
2126,26-09-07,442.68
2127,25-09-07,440.65
2128,24-09-07,444.68
2129,21-09-07,448.9
2130,20-09-07,451.1
2131,19-09-07,450.55
2132,18-09-07,437.11
2133,17-09-07,433.51
2134,14-09-07,434.6
2135,13-09-07,437.05
2136,12-09-07,432.14
2137,11-09-07,426.71
2138,10-09-07,423.25
2139,07-09-07,430.5
2140,06-09-07,434.97
2141,05-09-07,438.22
2142,04-09-07,445.54
2143,03-09-07,442.68
2144,31-08-07,440.82
2145,30-08-07,428.4
2146,29-08-07,435.7
2147,28-08-07,432.2
2148,27-08-07,436.09
2149,24-08-07,437.01
2150,23-08-07,431.32
2151,22-08-07,426.64
2152,21-08-07,409.94
2153,20-08-07,414.85
2154,17-08-07,413.73
2155,16-08-07,406.92
2156,14-08-07,431.8
2157,13-08-07,436.68
2158,10-08-07,427.48
2159,09-08-07,440.26
2160,08-08-07,447.57
2161,07-08-07,449.37
2162,06-08-07,444.94
2163,03-08-07,451.29
2164,02-08-07,456.86
2165,01-08-07,455.01
2166,31-07-07,464.76
2167,30-07-07,458.38
2168,27-07-07,459.09
2169,26-07-07,460.83
2170,25-07-07,472.83
2171,24-07-07,475.66
2172,23-07-07,481.33
2173,20-07-07,476.6
2174,19-07-07,480.96
2175,18-07-07,475.22
2176,17-07-07,476.05
2177,16-07-07,476.75
2178,13-07-07,482.87
2179,12-07-07,481.35
2180,11-07-07,480.43
2181,10-07-07,483.59
2182,09-07-07,490.47
2183,06-07-07,492.83
2184,05-07-07,487.18
2185,04-07-07,488.63
2186,03-07-07,487.6
2187,02-07-07,480.74
2188,29-06-07,483.78
2189,28-06-07,486.58
2190,27-06-07,478.3
2191,26-06-07,484.93
2192,25-06-07,479.07
2193,22-06-07,478.46
2194,21-06-07,473.03
2195,20-06-07,473.44
2196,19-06-07,475.78
2197,18-06-07,474.02
2198,15-06-07,473.47
2199,14-06-07,469.25
2200,13-06-07,463.74
2201,12-06-07,461.22
2202,11-06-07,464.63
2203,08-06-07,458.94
2204,06-06-07,463.92
2205,05-06-07,472.2
2206,04-06-07,471.78
2207,01-06-07,472.66
2208,31-05-07,465.24
2209,30-05-07,456.39
2210,29-05-07,459.38
2211,28-05-07,458
2212,25-05-07,451.96
2213,24-05-07,453.23
2214,23-05-07,451.08
2215,22-05-07,453.26
2216,21-05-07,448.44
2217,18-05-07,440.24
2218,17-05-07,434.94
2219,16-05-07,436.76
2220,15-05-07,439.71
2221,14-05-07,445.81
2222,11-05-07,437.74
2223,10-05-07,434.93
2224,09-05-07,440.03
2225,08-05-07,439.89
2226,07-05-07,446.63
2227,04-05-07,446.95
2228,02-05-07,438.39
2229,30-04-07,436.12
2230,27-04-07,431.82
2231,26-04-07,429.96
2232,25-04-07,429.82
2233,24-04-07,429.9
2234,23-04-07,433.44
2235,20-04-07,434.1
2236,19-04-07,426.14
2237,18-04-07,428.82
2238,17-04-07,427.74
2239,16-04-07,428.01
2240,13-04-07,423.61
2241,12-04-07,420.06
2242,11-04-07,425.74
2243,10-04-07,422.73
2244,05-04-07,417.67
2245,04-04-07,416.38
2246,03-04-07,414.92
2247,02-04-07,408.93
2248,30-03-07,413.74
2249,29-03-07,410.62
2250,28-03-07,403.08
2251,27-03-07,404.06
2252,26-03-07,402.15
2253,23-03-07,404.79
2254,22-03-07,399.31
2255,21-03-07,393.38
2256,20-03-07,388.93
2257,19-03-07,389.45
2258,16-03-07,382.9
2259,15-03-07,379.07
2260,14-03-07,376.5
2261,13-03-07,376.02
2262,12-03-07,378.11
2263,09-03-07,376.5
2264,08-03-07,378.32
2265,07-03-07,366.94
2266,06-03-07,367.71
2267,05-03-07,362.55
2268,02-03-07,371.02
2269,01-03-07,368.45
2270,28-02-07,372.26
2271,27-02-07,378.38
2272,26-02-07,394.17
2273,23-02-07,396.58
2274,22-02-07,395.25
2275,21-02-07,389.35
2276,20-02-07,386.01
2277,19-02-07,389.31
2278,16-02-07,384.02
2279,15-02-07,384.91
2280,14-02-07,385.85
2281,13-02-07,384.7
2282,12-02-07,378.02
2283,09-02-07,384.14
2284,08-02-07,382.19
2285,07-02-07,392.75
2286,06-02-07,393.91
2287,05-02-07,395.15
2288,02-02-07,394.41
2289,01-02-07,394.84
2290,31-01-07,389.89
2291,30-01-07,383.17
2292,29-01-07,383.58
2293,26-01-07,379.7
2294,25-01-07,379.79
2295,24-01-07,381.01
2296,23-01-07,380.84
2297,22-01-07,379.93
2298,19-01-07,384.68
2299,18-01-07,383.66
2300,17-01-07,374.1
2301,16-01-07,371.51
2302,15-01-07,371.93
2303,12-01-07,364.22
2304,11-01-07,360.81
2305,10-01-07,353.38
2306,09-01-07,356.77
2307,08-01-07,355.29
2308,05-01-07,355.83
2309,04-01-07,361.6
2310,03-01-07,366.72
2311,02-01-07,366.75
2312,29-12-06,362.4
2313,28-12-06,362.93
2314,27-12-06,363.86
2315,22-12-06,357.87
2316,21-12-06,361.75
2317,20-12-06,361.08
2318,19-12-06,365.25
2319,18-12-06,375.12
2320,15-12-06,373.63
2321,14-12-06,375.18
2322,13-12-06,375.55
2323,12-12-06,374.79
2324,11-12-06,376.65
2325,08-12-06,378.18
2326,07-12-06,378.72
2327,06-12-06,376.91
2328,05-12-06,378.63
2329,04-12-06,374.2
2330,01-12-06,366.97
2331,30-11-06,364.2
2332,29-11-06,365.63
2333,28-11-06,358.22
2334,27-11-06,358.57
2335,24-11-06,359.11
2336,23-11-06,359.16
2337,22-11-06,358.14
2338,21-11-06,353.27
2339,20-11-06,349.56
2340,17-11-06,348.21
2341,16-11-06,348.5
2342,15-11-06,345.99
2343,14-11-06,351.09
2344,13-11-06,351.33
2345,10-11-06,351.25
2346,09-11-06,354.95
2347,08-11-06,354.03
2348,07-11-06,353.97
2349,06-11-06,348.63
2350,03-11-06,343.08
2351,02-11-06,339.83
2352,31-10-06,339.73
2353,30-10-06,338.89
2354,27-10-06,342.26
2355,26-10-06,345.07
2356,25-10-06,342.77
2357,24-10-06,340.58
2358,23-10-06,338.74
2359,20-10-06,339.68
2360,19-10-06,341.55
2361,18-10-06,340.08
2362,17-10-06,334.82
2363,16-10-06,339.69
2364,13-10-06,339.4
2365,12-10-06,337.27
2366,11-10-06,333.92
2367,10-10-06,332.36
2368,09-10-06,327.44
2369,06-10-06,325.1
2370,05-10-06,325.11
2371,04-10-06,320.98
2372,03-10-06,319.34
2373,02-10-06,321.08
2374,29-09-06,320.56
2375,28-09-06,322.25
2376,27-09-06,319.9
2377,26-09-06,321.75
2378,25-09-06,320.59
2379,22-09-06,318.53
2380,21-09-06,320.1
2381,20-09-06,320.85
2382,19-09-06,323.81
2383,18-09-06,325.32
2384,15-09-06,322.33
2385,14-09-06,323.02
2386,13-09-06,325.28
2387,12-09-06,322.09
2388,11-09-06,319.11
2389,08-09-06,320.78
2390,07-09-06,321.68
2391,06-09-06,323.96
2392,05-09-06,325.76
2393,04-09-06,324.4
2394,01-09-06,317.41
2395,31-08-06,316.99
2396,30-08-06,319.2
2397,29-08-06,316.96
2398,28-08-06,311.27
2399,25-08-06,312.39
2400,24-08-06,314.22
2401,23-08-06,318.18
2402,22-08-06,318.49
2403,21-08-06,316.85
2404,18-08-06,316.89
2405,17-08-06,315.97
2406,16-08-06,318.41
2407,14-08-06,315.69
2408,11-08-06,315.1
2409,10-08-06,320.35
2410,09-08-06,325.08
2411,08-08-06,319.62
2412,07-08-06,319.29
2413,04-08-06,321.75
2414,03-08-06,318.29
2415,02-08-06,325.36
2416,01-08-06,327.32
2417,31-07-06,333.11
2418,28-07-06,332.44
2419,27-07-06,332.04
2420,26-07-06,324.12
2421,25-07-06,322.61
2422,24-07-06,320.17
2423,21-07-06,319.07
2424,20-07-06,320.19
2425,19-07-06,312.5
2426,18-07-06,311.74
2427,17-07-06,308.07
2428,14-07-06,311.01
2429,13-07-06,312.03
2430,12-07-06,319.98
2431,11-07-06,316.78
2432,10-07-06,318.82
2433,07-07-06,316.1
2434,06-07-06,311.19
2435,05-07-06,304.34
2436,04-07-06,306
2437,03-07-06,303.85
2438,30-06-06,303.3
2439,29-06-06,299.33
2440,28-06-06,299.54
2441,27-06-06,296.07
2442,26-06-06,285.95
2443,23-06-06,282.61
2444,22-06-06,281.92
2445,21-06-06,283.24
2446,20-06-06,281.8
2447,19-06-06,281.87
2448,16-06-06,277.21
2449,14-06-06,274.78
2450,13-06-06,275.24
2451,12-06-06,284.28
2452,09-06-06,292.76
2453,08-06-06,296.38
2454,07-06-06,302.24
2455,06-06-06,302.72
2456,05-06-06,308.27
2457,02-06-06,306.13
2458,01-06-06,300.26
2459,31-05-06,298.15
2460,30-05-06,298.99
2461,29-05-06,302.06
2462,26-05-06,302.12
2463,25-05-06,299.15
2464,24-05-06,296.37
2465,23-05-06,305.43
2466,22-05-06,302.62
2467,19-05-06,315.87
2468,18-05-06,316.99
2469,17-05-06,317.98
2470,16-05-06,323.06
2471,15-05-06,323.57
2472,12-05-06,331.08
2473,11-05-06,333.89
2474,10-05-06,327.65
2475,09-05-06,328.69
2476,08-05-06,332.24
2477,05-05-06,330.74
2478,04-05-06,328.82
2479,02-05-06,324.79
2480,28-04-06,324.62
2481,27-04-06,322.96
2482,26-04-06,329.05
2483,25-04-06,326.82
2484,24-04-06,327.92
2485,21-04-06,324.23
2486,20-04-06,320.55
2487,19-04-06,315.36
2488,18-04-06,315.47
2489,13-04-06,311.32
2490,12-04-06,309.45
2491,11-04-06,307.11
2492,10-04-06,308.56
2493,07-04-06,308.35
2494,06-04-06,304.62
2495,05-04-06,302.59
2496,04-04-06,303.14
2497,03-04-06,302.45
2498,31-03-06,298.57
2499,30-03-06,297.57
2500,29-03-06,294.19
2501,28-03-06,294.13
2502,27-03-06,296.88
2503,24-03-06,294.78
2504,23-03-06,293.88
2505,22-03-06,290.33
2506,21-03-06,291.19
2507,20-03-06,292.83
2508,17-03-06,292.81
2509,16-03-06,291.88
2510,15-03-06,286.62
2511,14-03-06,282.74
2512,13-03-06,284.99
2513,10-03-06,284.56
2514,09-03-06,285.7
2515,08-03-06,284.68
2516,07-03-06,288.94
2517,06-03-06,294
2518,03-03-06,292.48
2519,02-03-06,294.07
2520,01-03-06,291.22
2521,28-02-06,288.46
2522,27-02-06,296.35
2523,24-02-06,295.06
2524,23-02-06,291.55
2525,22-02-06,291.37
2526,21-02-06,291.33
2527,20-02-06,291.86
2528,17-02-06,288.24
2529,16-02-06,281.01
2530,15-02-06,283.68
2531,14-02-06,282.51
2532,13-02-06,280.32
2533,10-02-06,282.31
2534,09-02-06,285.38
2535,08-02-06,284.36
2536,07-02-06,285.43
2537,06-02-06,283.74
2538,03-02-06,278.33
2539,02-02-06,283.21
2540,01-02-06,283.25
2541,31-01-06,282.06
2542,30-01-06,289.58
2543,27-01-06,289.64
2544,26-01-06,288.77
2545,25-01-06,290.89
2546,24-01-06,288.09
2547,23-01-06,289.74
2548,20-01-06,288.42
2549,19-01-06,286.3
2550,18-01-06,279.95
2551,17-01-06,281.02
2552,16-01-06,281.38
2553,13-01-06,277.79
2554,12-01-06,280.33
2555,11-01-06,280.44
2556,10-01-06,276.74
2557,09-01-06,278.88
2558,06-01-06,279.12
2559,05-01-06,277.27
2560,04-01-06,277.6
2561,03-01-06,273.16
2562,02-01-06,268.97
2563,30-12-05,266.54
2564,29-12-05,268.71
2565,28-12-05,268.09
2566,27-12-05,269.3
2567,23-12-05,267.68
2568,22-12-05,266.63
2569,21-12-05,266.4
2570,20-12-05,265.25
2571,19-12-05,262.93
2572,16-12-05,261.88
2573,15-12-05,261.43
2574,14-12-05,261.55
2575,13-12-05,259.53
2576,12-12-05,259.68
2577,09-12-05,258.47
2578,08-12-05,259.09
2579,07-12-05,259.21
2580,06-12-05,256.92
2581,05-12-05,257.67
2582,02-12-05,258.2
2583,01-12-05,256.24
2584,30-11-05,255.06
2585,29-11-05,253.78
2586,28-11-05,253.06
2587,25-11-05,251.82
2588,24-11-05,251.18
2589,23-11-05,251.31
2590,22-11-05,250.09
2591,21-11-05,250.79
2592,18-11-05,252.21
2593,17-11-05,250.93
2594,16-11-05,247.76
2595,15-11-05,248.4
2596,14-11-05,249.27
2597,10-11-05,247.39
2598,09-11-05,247.49
2599,08-11-05,247.43
2600,07-11-05,247.81
2601,04-11-05,249.31
2602,03-11-05,248.82
2603,02-11-05,246.69
2604,31-10-05,242.39
2605,28-10-05,240.71
2606,27-10-05,239.35
2607,26-10-05,241.76
2608,25-10-05,242.76
2609,24-10-05,241.35
2610,21-10-05,240.43
2611,20-10-05,240.27
2612,19-10-05,237.81
2613,18-10-05,241.3
2614,17-10-05,240.65
2615,14-10-05,239.5
2616,13-10-05,240.77
2617,12-10-05,246.55
2618,11-10-05,248.42
2619,10-10-05,246.1
2620,07-10-05,246.4
2621,06-10-05,246.43
2622,05-10-05,251.24
2623,04-10-05,253.52
2624,03-10-05,254.12
2625,30-09-05,251.75
2626,29-09-05,249.71
2627,28-09-05,249.53
2628,27-09-05,251.31
2629,26-09-05,249.48
2630,23-09-05,247.54
2631,22-09-05,246.92
2632,21-09-05,247.45
2633,20-09-05,249.01
2634,19-09-05,249.34
2635,16-09-05,245.74
2636,15-09-05,243.6
2637,14-09-05,241.04
2638,13-09-05,240.56
2639,12-09-05,240.32
2640,09-09-05,238.33
2641,08-09-05,236.3
2642,07-09-05,237.13
2643,06-09-05,236.69
2644,05-09-05,235.65
2645,02-09-05,236.5
2646,01-09-05,236.59
2647,31-08-05,234.04
2648,30-08-05,234.16
2649,29-08-05,232.32
2650,26-08-05,231.34
2651,25-08-05,229.52
2652,24-08-05,229.9
2653,23-08-05,230.37
2654,22-08-05,230.44
2655,19-08-05,229.65
2656,18-08-05,229.26
2657,17-08-05,230.8
2658,16-08-05,231.05
2659,12-08-05,229.58
2660,11-08-05,230.36
2661,10-08-05,230.62
2662,09-08-05,231.51
2663,08-08-05,231.39
2664,05-08-05,229.16
2665,04-08-05,229.18
2666,03-08-05,228.17
2667,02-08-05,230.14
2668,01-08-05,227.32
2669,29-07-05,226.33
2670,28-07-05,224.84
2671,27-07-05,222.87
2672,26-07-05,221.27
2673,25-07-05,219.71
2674,22-07-05,217.92
2675,21-07-05,218.72
2676,20-07-05,219.46
2677,19-07-05,218.71
2678,18-07-05,218.01
2679,15-07-05,219.29
2680,14-07-05,219.97
2681,13-07-05,219.64
2682,12-07-05,218.48
2683,11-07-05,216.65
2684,08-07-05,217.08
2685,07-07-05,215.02
2686,06-07-05,216.64
2687,05-07-05,215.72
2688,04-07-05,216.72
2689,01-07-05,215.63
2690,30-06-05,214.3
2691,29-06-05,212.85
2692,28-06-05,212.7
2693,27-06-05,211.7
2694,24-06-05,212.9
2695,23-06-05,214.38
2696,22-06-05,214.42
2697,21-06-05,212.97
2698,20-06-05,212.81
2699,17-06-05,212.84
2700,16-06-05,211.62
2701,15-06-05,211.82
2702,14-06-05,210.17
2703,13-06-05,211.62
2704,10-06-05,210.79
2705,09-06-05,210.05
2706,08-06-05,209.25
2707,07-06-05,209.55
2708,06-06-05,208.88
2709,03-06-05,206.69
2710,02-06-05,205.61
2711,01-06-05,203.9
2712,31-05-05,204.86
2713,30-05-05,204.98
2714,27-05-05,204.63
2715,25-05-05,202.14
2716,24-05-05,201.64
2717,23-05-05,201.92
2718,20-05-05,202.01
2719,19-05-05,201.24
2720,18-05-05,200.82
2721,17-05-05,198.21
2722,16-05-05,197.34
2723,13-05-05,198.02
2724,12-05-05,199.25
2725,11-05-05,198.63
2726,10-05-05,197.98
2727,09-05-05,199.69
2728,06-05-05,199.9
2729,05-05-05,198.82
2730,04-05-05,197.79
2731,02-05-05,197.81
2732,29-04-05,197.46
2733,28-04-05,196.84
2734,27-04-05,197.87
2735,26-04-05,199.95
2736,25-04-05,201.28
2737,22-04-05,201.26
2738,21-04-05,200.56
2739,20-04-05,198.95
2740,19-04-05,200.34
2741,18-04-05,200.3
2742,15-04-05,202.87
2743,14-04-05,203.96
2744,13-04-05,204.59
2745,12-04-05,204.88
2746,11-04-05,204.94
2747,07-04-05,204.64
2748,06-04-05,205.44
2749,05-04-05,204.6
2750,04-04-05,203.49
2751,01-04-05,203.64
2752,31-03-05,204.33
2753,30-03-05,202.83
2754,29-03-05,202.05
2755,24-03-05,202.1
2756,23-03-05,201.48
2757,22-03-05,201.27
2758,21-03-05,198.53
2759,18-03-05,201.41
2760,17-03-05,199.79
2761,16-03-05,200.79
2762,15-03-05,203.4
2763,14-03-05,203.24
2764,11-03-05,205.23
2765,10-03-05,207.47
2766,09-03-05,208.85
2767,08-03-05,207.044
2768,07-03-05,208.09
2769,04-03-05,207.41
2770,03-03-05,206.21
2771,02-03-05,205.38
2772,01-03-05,209.94
2773,28-02-05,210.18
2774,25-02-05,211.94
2775,24-02-05,208.67
2776,23-02-05,206.89
2777,22-02-05,207.51
2778,21-02-05,208.25
2779,18-02-05,206.66
2780,17-02-05,206.86
2781,16-02-05,205.79
2782,15-02-05,202.9
2783,14-02-05,201.97
2784,11-02-05,202.13
2785,10-02-05,202.15
2786,09-02-05,201.1
2787,08-02-05,202.21
2788,07-02-05,202.49
2789,04-02-05,200.73
2790,03-02-05,198.98
2791,02-02-05,198.7
2792,01-02-05,199.18
2793,31-01-05,197.05
2794,28-01-05,195.89
2795,27-01-05,195.67
2796,26-01-05,195.05
2797,25-01-05,194.44
2798,24-01-05,193.16
2799,21-01-05,193.08
2800,20-01-05,193.96
2801,19-01-05,194.15
2802,18-01-05,194
2803,17-01-05,197.09
2804,14-01-05,197.11
2805,13-01-05,197.32
2806,12-01-05,196.73
2807,11-01-05,196.49
2808,10-01-05,197.35
2809,07-01-05,198.35
2810,06-01-05,198.57
2811,05-01-05,199.51
2812,04-01-05,202.65
2813,03-01-05,203.41
2814,31-12-04,202.45
2815,30-12-04,202.08
2816,29-12-04,199.71
2817,28-12-04,200.62
2818,27-12-04,200.28
2819,24-12-04,199.75
2820,23-12-04,200.5
2821,22-12-04,201.2
2822,21-12-04,201.53
2823,20-12-04,200.09
2824,17-12-04,199.87
2825,16-12-04,197.8
2826,15-12-04,196.82
2827,14-12-04,197.8
2828,13-12-04,197.25
2829,10-12-04,197.55
2830,09-12-04,198.81
2831,08-12-04,199.73
2832,07-12-04,198.84
2833,06-12-04,199.52
2834,03-12-04,200.01
2835,02-12-04,196.68
2836,01-12-04,195.35
2837,30-11-04,194.86
2838,29-11-04,194.83
2839,26-11-04,194.6
2840,25-11-04,192.68
2841,24-11-04,192.77
2842,23-11-04,194.36
2843,22-11-04,195.15
2844,19-11-04,195.32
2845,18-11-04,194.9
2846,17-11-04,194.3
2847,16-11-04,194.28
2848,15-11-04,195.71
2849,12-11-04,195.09
2850,10-11-04,194.7
2851,09-11-04,192.7
2852,08-11-04,193.87
2853,05-11-04,195.44
2854,04-11-04,195.86
2855,03-11-04,197.21
2856,02-11-04,195.44
2857,29-10-04,193.1
2858,28-10-04,192.69
2859,27-10-04,192.15
2860,26-10-04,191.57
2861,25-10-04,193.28
2862,22-10-04,193.4
2863,21-10-04,193.31
2864,20-10-04,194
2865,19-10-04,191.84
2866,18-10-04,192.96
2867,15-10-04,192.21
2868,14-10-04,193.28
2869,13-10-04,193.55
2870,12-10-04,197.16
2871,11-10-04,196.85
2872,08-10-04,198.44
2873,07-10-04,198.61
2874,06-10-04,198.13
2875,05-10-04,197.7
2876,04-10-04,195.33
2877,01-10-04,194.76
2878,30-09-04,194.49
2879,29-09-04,194.57
2880,28-09-04,193.55
2881,27-09-04,191.44
2882,24-09-04,192.4
2883,23-09-04,193.23
2884,22-09-04,193.9
2885,21-09-04,194.1
2886,20-09-04,194.75
2887,17-09-04,194.08
2888,16-09-04,194.28
2889,15-09-04,193.66
2890,14-09-04,193.89
2891,13-09-04,193.1
2892,10-09-04,192.01
2893,09-09-04,192.83
2894,08-09-04,192.23
2895,07-09-04,189.99
2896,06-09-04,188.81
2897,03-09-04,188.59
2898,02-09-04,188.36
2899,01-09-04,187.92
2900,31-08-04,187.6
2901,30-08-04,188.1
2902,27-08-04,186.42
2903,26-08-04,185.97
2904,25-08-04,187.87
2905,24-08-04,185.69
2906,23-08-04,185.56
2907,20-08-04,185.2
2908,19-08-04,185.06
2909,18-08-04,184.27
2910,17-08-04,182.72
2911,16-08-04,183.25
2912,13-08-04,183.19
2913,12-08-04,182.54
2914,11-08-04,184.44
2915,10-08-04,184.37
2916,09-08-04,185.6
2917,06-08-04,187.4
2918,05-08-04,186.42
2919,04-08-04,185.99
2920,03-08-04,184.65
2921,02-08-04,184.52
2922,30-07-04,184.42
2923,29-07-04,184.1
2924,28-07-04,186
2925,27-07-04,186.61
2926,26-07-04,186.38
2927,23-07-04,186.39
2928,22-07-04,187.67
2929,21-07-04,186.26
2930,20-07-04,185.76
2931,19-07-04,184.48
2932,16-07-04,181.98
2933,15-07-04,182.28
2934,14-07-04,182.86
2935,13-07-04,184.09
2936,12-07-04,184.67
2937,09-07-04,184.76
2938,08-07-04,183.96
2939,07-07-04,183.2
2940,06-07-04,184.1
2941,05-07-04,183.6
2942,02-07-04,184.71
2943,01-07-04,184.62
2944,30-06-04,184.97
2945,29-06-04,184.86
2946,28-06-04,183.53
2947,25-06-04,182.36
2948,24-06-04,182.09
2949,23-06-04,180.63
2950,22-06-04,180.73
2951,21-06-04,178.41
2952,18-06-04,178.21
2953,17-06-04,180.79
2954,16-06-04,181.07
2955,15-06-04,180.81
2956,14-06-04,182.34
2957,11-06-04,181.78
2958,09-06-04,183.75
2959,08-06-04,183.59
2960,07-06-04,182.81
2961,04-06-04,184.06
2962,03-06-04,184.83
2963,02-06-04,183.04
2964,01-06-04,183.54
2965,31-05-04,183.4
2966,28-05-04,182.17
2967,27-05-04,181.35
2968,26-05-04,178.59
2969,25-05-04,181.1
2970,24-05-04,181.07
2971,21-05-04,180.93
2972,20-05-04,181
2973,19-05-04,179.31
2974,18-05-04,177.86
2975,17-05-04,177.27
2976,14-05-04,175.92
2977,13-05-04,178.59
2978,12-05-04,176.67
2979,11-05-04,179
2980,10-05-04,183.45
2981,07-05-04,185.4
2982,06-05-04,186.74
2983,05-05-04,189.45
2984,04-05-04,188.94
2985,30-04-04,188.3
2986,29-04-04,191.45
2987,28-04-04,191.69
2988,27-04-04,191.78
2989,26-04-04,191.73
2990,23-04-04,191.16
2991,22-04-04,195.16
2992,21-04-04,195.2
2993,20-04-04,194.02
2994,19-04-04,194.92
2995,16-04-04,195.86
2996,15-04-04,194.35
2997,14-04-04,195.22
2998,13-04-04,191.95
2999,08-04-04,190.24
3000,07-04-04,190.72
3001,06-04-04,190.74
3002,05-04-04,189.75
3003,02-04-04,186.33
3004,01-04-04,185.71
3005,31-03-04,187.15
3006,30-03-04,184.83
3007,29-03-04,183.97
3008,26-03-04,183.74
3009,25-03-04,182.6
3010,24-03-04,182.42
3011,23-03-04,180.54
3012,22-03-04,180.65
3013,19-03-04,182.17
3014,18-03-04,184.18
3015,17-03-04,182.98
3016,16-03-04,181.64
3017,15-03-04,183.78
3018,12-03-04,182.7
3019,11-03-04,185.42
3020,10-03-04,185.05
3021,09-03-04,187.47
3022,08-03-04,184.12
3023,05-03-04,182.93
3024,04-03-04,183.47
3025,03-03-04,183.18
3026,02-03-04,182.81
3027,01-03-04,179.71
3028,27-02-04,175.99
3029,26-02-04,175.3
3030,25-02-04,175.03
3031,24-02-04,178.35
3032,23-02-04,179.54
3033,20-02-04,178.31
3034,19-02-04,179.96
3035,18-02-04,180.1
3036,17-02-04,179.54
3037,16-02-04,178.62
3038,13-02-04,179.26
3039,12-02-04,176.94
3040,11-02-04,177.75
3041,10-02-04,176.19
3042,09-02-04,172.49
3043,06-02-04,170.4
3044,05-02-04,169.39
3045,04-02-04,168.96
3046,03-02-04,170.22
3047,02-02-04,167.99
3048,30-01-04,166.63
3049,29-01-04,167.03
3050,28-01-04,171.56
3051,27-01-04,171.54
3052,26-01-04,171.56
3053,23-01-04,171.28
3054,22-01-04,169.46
3055,21-01-04,169.73
3056,20-01-04,169.21
3057,19-01-04,168.22
3058,16-01-04,168.85
3059,15-01-04,167.94
3060,14-01-04,170.36
3061,13-01-04,170.08
3062,12-01-04,167.28
3063,09-01-04,168.05
3064,08-01-04,168.58
3065,07-01-04,168.69
3066,06-01-04,169.46
3067,05-01-04,164.47
3068,02-01-04,161.37
3069,31-12-03,159.99
3070,30-12-03,159.87
3071,29-12-03,159.88
3072,23-12-03,158.49
3073,22-12-03,158.42
3074,19-12-03,158.73
3075,18-12-03,157.84
3076,17-12-03,159.15
3077,16-12-03,159.2
3078,15-12-03,159.23
3079,12-12-03,157.61
3080,11-12-03,156.31
3081,10-12-03,156.79
3082,09-12-03,154.85
3083,08-12-03,151.41
3084,05-12-03,151.56
3085,04-12-03,152.79
3086,03-12-03,152.45
3087,02-12-03,152.1
3088,01-12-03,148.07
3089,28-11-03,148.32
3090,27-11-03,147.24
3091,26-11-03,146.55
3092,25-11-03,148.86
3093,24-11-03,147.91
3094,21-11-03,145.3
3095,20-11-03,148.58
3096,19-11-03,150.83
3097,18-11-03,152.25
3098,17-11-03,155.29
3099,14-11-03,155.25
3100,13-11-03,155.52
3101,12-11-03,157.81
3102,10-11-03,156.8
3103,07-11-03,156.67
3104,06-11-03,155.7
3105,05-11-03,156.32
3106,04-11-03,158.58
3107,03-11-03,158.33
3108,31-10-03,158.6
3109,30-10-03,157.03
3110,29-10-03,157.62
3111,28-10-03,154
3112,27-10-03,155.58
3113,24-10-03,156.13
3114,23-10-03,155.91
3115,22-10-03,157.78
3116,21-10-03,160.32
3117,20-10-03,161.36
3118,17-10-03,162.17
3119,16-10-03,164.33
3120,15-10-03,162.46
3121,14-10-03,160.15
3122,13-10-03,160.29
3123,10-10-03,160.24
3124,09-10-03,159.46
3125,08-10-03,157.46
3126,07-10-03,157.54
3127,06-10-03,153.14
3128,03-10-03,151.36
3129,02-10-03,149.86
3130,01-10-03,150.09
3131,30-09-03,152.8
3132,29-09-03,154.11
3133,26-09-03,153.09
3134,25-09-03,153.32
3135,24-09-03,153.15
3136,23-09-03,152.82
3137,22-09-03,156.16
3138,19-09-03,156.14
3139,18-09-03,156.14
3140,17-09-03,156.59
3141,16-09-03,153.26
3142,15-09-03,153.81
3143,12-09-03,155.83
3144,11-09-03,154.73
3145,10-09-03,157.83
3146,09-09-03,159.86
3147,08-09-03,159.69
3148,05-09-03,162.08
3149,04-09-03,164.42
3150,03-09-03,166.37
3151,02-09-03,167.24
3152,01-09-03,162.43
3153,29-08-03,158.6
3154,28-08-03,159.1
3155,27-08-03,159.62
3156,26-08-03,157.64
3157,25-08-03,157.67
3158,22-08-03,154.42
3159,21-08-03,151.73
3160,20-08-03,152.54
3161,19-08-03,152.88
3162,18-08-03,151.44
3163,14-08-03,148.78
3164,13-08-03,148.78
3165,12-08-03,146.31
3166,11-08-03,144.98
3167,08-08-03,145.17
3168,07-08-03,142.14
3169,06-08-03,141.49
3170,05-08-03,141.52
3171,04-08-03,142.59
3172,01-08-03,142.29
3173,31-07-03,142.07
3174,30-07-03,143.15
3175,29-07-03,142.85
3176,28-07-03,140.26
3177,25-07-03,139.72
3178,24-07-03,139.16
3179,23-07-03,140.91
3180,22-07-03,142.13
3181,21-07-03,141.63
3182,18-07-03,139.68
3183,17-07-03,139.45
3184,16-07-03,139.94
3185,15-07-03,140.32
3186,14-07-03,137.65
3187,11-07-03,136.95
3188,10-07-03,136.25
3189,09-07-03,134.89
3190,08-07-03,136.5
3191,07-07-03,133.97
3192,04-07-03,132.58
3193,03-07-03,131.76
3194,02-07-03,131.36
3195,01-07-03,133.3
3196,30-06-03,133.42
3197,27-06-03,134.03
3198,26-06-03,133.46
3199,25-06-03,132.4
3200,24-06-03,132.85
3201,23-06-03,132.85
3202,20-06-03,133.02
3203,18-06-03,132.15
3204,17-06-03,131.32
3205,16-06-03,132.25
3206,13-06-03,132.28
3207,12-06-03,131.37
3208,11-06-03,131.42
3209,10-06-03,132.55
3210,09-06-03,133.49
3211,06-06-03,133.08
3212,05-06-03,133.34
3213,04-06-03,132.38
3214,03-06-03,132.1
3215,02-06-03,132.7
3216,30-05-03,132.74
3217,29-05-03,132.48
3218,28-05-03,131.33
3219,27-05-03,132.34
3220,26-05-03,132.48
3221,23-05-03,131.99
3222,22-05-03,131.76
3223,21-05-03,130.83
3224,20-05-03,131.07
3225,19-05-03,130.73
3226,16-05-03,130.95
3227,15-05-03,131.58
3228,14-05-03,129.81
3229,13-05-03,130.7
3230,12-05-03,131.24
3231,09-05-03,130.41
3232,08-05-03,130.7
3233,07-05-03,129.78
3234,06-05-03,129.69
3235,05-05-03,129.14
3236,02-05-03,128.54
3237,30-04-03,129.02
3238,29-04-03,128.88
3239,28-04-03,128.44
3240,25-04-03,128.72
3241,24-04-03,129.52
3242,23-04-03,129.16
3243,22-04-03,129.02
3244,17-04-03,128.44
3245,16-04-03,128.59
3246,15-04-03,128.78
3247,14-04-03,130.16
3248,11-04-03,129.98
3249,10-04-03,130.25
3250,09-04-03,129.69
3251,08-04-03,130.26
3252,07-04-03,127.87
3253,04-04-03,128.07
3254,03-04-03,126.43
3255,02-04-03,125.16
3256,01-04-03,124.97
3257,31-03-03,126.13
3258,28-03-03,126.07
3259,27-03-03,126.61
3260,26-03-03,126.56
3261,25-03-03,127.1
3262,24-03-03,127.07
3263,21-03-03,125.41
3264,20-03-03,124.96
3265,19-03-03,125.2
3266,18-03-03,124.35
3267,17-03-03,125.67
3268,14-03-03,126.26
3269,13-03-03,125.55
3270,12-03-03,125.52
3271,11-03-03,126.12
3272,10-03-03,124.13
3273,07-03-03,123.95
3274,06-03-03,123.89
3275,05-03-03,124.11
3276,04-03-03,124.99
3277,03-03-03,125.35
3278,28-02-03,124.86
3279,27-02-03,124.96
3280,26-02-03,124.74
3281,25-02-03,125.9
3282,24-02-03,126.97
3283,21-02-03,127.13
3284,20-02-03,126.44
3285,19-02-03,127.43
3286,18-02-03,127.83
3287,17-02-03,127.38
3288,14-02-03,127.27
3289,13-02-03,126.48
3290,12-02-03,126.82
3291,11-02-03,126.44
3292,10-02-03,126.5
3293,07-02-03,125.94
3294,06-02-03,126.71
3295,05-02-03,126.05
3296,04-02-03,126.99
3297,03-02-03,125.54
3298,31-01-03,125.27
3299,30-01-03,125.59
3300,29-01-03,125.23
3301,28-01-03,124.92
3302,27-01-03,127.23
3303,24-01-03,128.08
3304,23-01-03,127.17
3305,22-01-03,128.46
3306,21-01-03,128.96
3307,20-01-03,128.98
3308,17-01-03,129.79
3309,16-01-03,130.75
3310,15-01-03,130.88
3311,14-01-03,131.36
3312,13-01-03,129.62
3313,10-01-03,129.22
3314,09-01-03,129.21
3315,08-01-03,129.62
3316,07-01-03,128.83
3317,06-01-03,128.61
3318,03-01-03,126.54
3319,02-01-03,126.49
3320,31-12-02,126.65
3321,30-12-02,126.37
3322,27-12-02,125.11
3323,23-12-02,124.51
3324,20-12-02,124.35
3325,19-12-02,123.96
3326,18-12-02,125.49
3327,17-12-02,126.02
3328,16-12-02,126.07
3329,13-12-02,125.75
3330,12-12-02,125.18
3331,11-12-02,124.76
3332,10-12-02,126.14
3333,09-12-02,126.04
3334,06-12-02,127.09
3335,05-12-02,127.24
3336,04-12-02,127.72
3337,03-12-02,127.75
3338,02-12-02,126.17
3339,29-11-02,126.33
3340,28-11-02,126.39
3341,27-11-02,126.13
3342,26-11-02,126.59
3343,25-11-02,125.32
3344,22-11-02,124.97
3345,21-11-02,123.44
3346,20-11-02,123.2
3347,19-11-02,122.63
3348,18-11-02,122.54
3349,15-11-02,123.54
3350,14-11-02,122.67
3351,13-11-02,122.72
3352,12-11-02,122.63
3353,08-11-02,122.78
3354,07-11-02,123.21
3355,06-11-02,123.69
3356,05-11-02,124.21
3357,04-11-02,124.03
3358,31-10-02,123.22
3359,30-10-02,123.39
3360,29-10-02,123.36
3361,28-10-02,122.14
3362,25-10-02,122.4
3363,24-10-02,122.49
3364,23-10-02,122.65
3365,22-10-02,122.11
3366,21-10-02,122.43
3367,18-10-02,120.84
3368,17-10-02,120.72
3369,16-10-02,121.08
3370,15-10-02,120.08
3371,14-10-02,119.39
3372,11-10-02,118.17
3373,10-10-02,117.66
3374,09-10-02,117.43
3375,08-10-02,117.68
3376,07-10-02,118.56
3377,04-10-02,119.16
3378,03-10-02,119.45
3379,02-10-02,119.87
3380,01-10-02,120.07
3381,30-09-02,121.5
3382,27-09-02,121.95
3383,26-09-02,122.44
3384,25-09-02,121.7
3385,24-09-02,123.17
3386,23-09-02,123.04
3387,20-09-02,122.06
3388,19-09-02,122.1
3389,18-09-02,123.19
3390,17-09-02,123.55
3391,16-09-02,123.01
3392,13-09-02,123.72
3393,12-09-02,124.37
3394,11-09-02,122.95
3395,10-09-02,121.61
3396,09-09-02,121.63
3397,06-09-02,120.26
3398,05-09-02,120.09
3399,04-09-02,120.88
3400,03-09-02,122.75
3401,02-09-02,122.65
3402,30-08-02,122.04
3403,29-08-02,122.54
3404,28-08-02,124.08
3405,27-08-02,122.48
3406,26-08-02,122.27
3407,23-08-02,122.73
3408,22-08-02,121.96
3409,21-08-02,119.73
3410,20-08-02,120.56
3411,19-08-02,120.28
3412,16-08-02,120.75
3413,14-08-02,121.68
3414,13-08-02,119.85
3415,12-08-02,120.1
3416,09-08-02,119.77
3417,08-08-02,119.75
3418,07-08-02,120.44
3419,06-08-02,120.65
3420,05-08-02,121.14
3421,02-08-02,121.54
3422,01-08-02,121.56
3423,31-07-02,120.99
3424,30-07-02,121.37
3425,29-07-02,120.87
3426,26-07-02,119.75
3427,25-07-02,120.7
3428,24-07-02,122.64
3429,23-07-02,121.51
3430,22-07-02,123.45
3431,19-07-02,124.68
3432,18-07-02,125.79
3433,17-07-02,124.53
3434,16-07-02,124.3
3435,15-07-02,125.16
3436,12-07-02,125.22
3437,11-07-02,126.45
3438,10-07-02,127.33
3439,09-07-02,126.81
3440,08-07-02,126.71
3441,05-07-02,125.86
3442,04-07-02,126.03
3443,03-07-02,125.52
3444,02-07-02,126.25
3445,01-07-02,126.55
3446,28-06-02,127.71
3447,27-06-02,127.11
3448,26-06-02,128.59
3449,25-06-02,128.84
3450,24-06-02,130.05
3451,21-06-02,129.23
3452,20-06-02,129.41
3453,19-06-02,131.06
3454,18-06-02,131.33
3455,17-06-02,130.95
3456,14-06-02,133.02
3457,13-06-02,133.46
3458,12-06-02,133.48
3459,11-06-02,133.62
3460,10-06-02,133.92
3461,07-06-02,134.24
3462,06-06-02,134.42
3463,05-06-02,135.09
3464,04-06-02,136.28
3465,03-06-02,134.37
3466,31-05-02,134.27
3467,29-05-02,133.87
3468,28-05-02,134
3469,27-05-02,133.35
3470,24-05-02,133.58
3471,23-05-02,133.2
3472,22-05-02,133.42
3473,21-05-02,132.64
3474,20-05-02,132.77
3475,17-05-02,132.59
3476,16-05-02,130.98
3477,15-05-02,130.35
3478,14-05-02,129.07
3479,13-05-02,129.19
3480,10-05-02,129.07
3481,09-05-02,128.38
3482,08-05-02,127.92
3483,07-05-02,128.25
3484,06-05-02,128.52
3485,02-05-02,128.72
3486,30-04-02,128.38
3487,29-04-02,128.05
3488,26-04-02,127.4
3489,25-04-02,127.08
3490,24-04-02,127.02
3491,23-04-02,126.43
3492,22-04-02,126.52
3493,19-04-02,127.1
3494,18-04-02,127.18
3495,17-04-02,126.88
3496,16-04-02,126.74
3497,15-04-02,126.76
3498,12-04-02,127.13
3499,11-04-02,127.04
3500,10-04-02,127.21
3501,09-04-02,126.53
3502,08-04-02,127.04
3503,05-04-02,126.26
3504,04-04-02,126.26
3505,03-04-02,126.09
3506,02-04-02,126.48
3507,28-03-02,126.4
3508,27-03-02,125.99
3509,26-03-02,125.57
3510,25-03-02,126.48
3511,22-03-02,125.43
3512,21-03-02,125.84
3513,20-03-02,125.92
3514,19-03-02,126.53
3515,18-03-02,126.83
3516,15-03-02,126.91
3517,14-03-02,126.63
3518,13-03-02,126.14
3519,12-03-02,127.82
3520,11-03-02,129.5
3521,08-03-02,129.61
3522,07-03-02,128.1
3523,06-03-02,128.24
3524,05-03-02,128.99
3525,04-03-02,129.01
3526,01-03-02,128.24
3527,28-02-02,127.84
3528,27-02-02,128.02
3529,26-02-02,127.75
3530,25-02-02,126.72
3531,22-02-02,127.02
3532,21-02-02,126.95
3533,20-02-02,126.67
3534,19-02-02,127.55
3535,18-02-02,128.44
3536,15-02-02,129.1
3537,14-02-02,129.62
3538,13-02-02,129.02
3539,12-02-02,129.89
3540,11-02-02,129.55
3541,08-02-02,129.15
3542,07-02-02,129.99
3543,06-02-02,128.96
3544,05-02-02,129.89
3545,04-02-02,130.55
3546,01-02-02,130.95
3547,31-01-02,130.47
3548,30-01-02,131.93
3549,29-01-02,132.2
3550,28-01-02,134.12
3551,25-01-02,134.5
3552,24-01-02,133.91
3553,23-01-02,135.1
3554,22-01-02,131.73
3555,21-01-02,131.21
3556,18-01-02,131.67
3557,17-01-02,129.59
3558,16-01-02,129.32
3559,15-01-02,128.37
3560,14-01-02,130.48
3561,11-01-02,130.59
3562,10-01-02,131.11
3563,09-01-02,127.68
3564,08-01-02,128.38
3565,07-01-02,127.41
3566,04-01-02,126.61
3567,03-01-02,123.34
3568,02-01-02,123.91
3569,31-12-01,123.88
3570,28-12-01,123.5
3571,27-12-01,123.39
3572,21-12-01,123.57
3573,20-12-01,123.67
3574,19-12-01,123.39
3575,18-12-01,123.92
3576,17-12-01,122.02
3577,14-12-01,121.22
3578,13-12-01,121.14
3579,12-12-01,122.18
3580,11-12-01,122.47
3581,10-12-01,122.8
3582,07-12-01,123.53
3583,06-12-01,123.84
3584,05-12-01,123.5
3585,04-12-01,123.13
3586,03-12-01,120.97
3587,30-11-01,121.09
3588,29-11-01,122.22
3589,28-11-01,122.3
3590,27-11-01,122.81
3591,26-11-01,122.22
3592,23-11-01,122.06
3593,22-11-01,122.59
3594,21-11-01,121.96
3595,20-11-01,124.89
3596,19-11-01,125.93
3597,16-11-01,126.13
3598,15-11-01,126.13
3599,14-11-01,127.47
3600,13-11-01,124.38
3601,12-11-01,119.76
3602,09-11-01,122.09
3603,08-11-01,121.28
3604,07-11-01,117.75
3605,06-11-01,118.53
3606,05-11-01,120.17
3607,02-11-01,120.29
3608,31-10-01,120.3
3609,30-10-01,119.77
3610,29-10-01,122.77
3611,26-10-01,122.91
3612,25-10-01,118.41
3613,24-10-01,118.07
3614,23-10-01,116.45
3615,22-10-01,117.38
3616,19-10-01,113.56
3617,18-10-01,113.98
3618,17-10-01,115.82
3619,16-10-01,117.05
3620,15-10-01,110.73
3621,12-10-01,110.98
3622,11-10-01,111.43
3623,10-10-01,110.11
3624,09-10-01,106.88
3625,08-10-01,104.64
3626,05-10-01,105.25
3627,04-10-01,105.2
3628,03-10-01,103.99
3629,02-10-01,104.56
3630,01-10-01,104.22
3631,28-09-01,104.2
3632,27-09-01,104.11
3633,26-09-01,104.89
3634,25-09-01,104.26
3635,24-09-01,103.51
3636,21-09-01,104.62
3637,20-09-01,105.68
3638,19-09-01,106.79
3639,18-09-01,105.15
3640,17-09-01,105.07
3641,14-09-01,106.19
3642,13-09-01,108.35
3643,12-09-01,108.48
3644,11-09-01,109.38
3645,10-09-01,110.67
3646,07-09-01,112.28
3647,06-09-01,112.61
3648,05-09-01,110.43
3649,04-09-01,108.76
3650,03-09-01,108.62
3651,31-08-01,109.15
3652,30-08-01,109.25
3653,29-08-01,109.01
3654,28-08-01,108.8
3655,27-08-01,109.6
3656,24-08-01,110.05
3657,23-08-01,108.81
3658,22-08-01,108.92
3659,21-08-01,107.93
3660,20-08-01,106.93
3661,17-08-01,106.25
3662,16-08-01,108.1
3663,14-08-01,109.78
3664,13-08-01,109.1
3665,10-08-01,111.13
3666,09-08-01,111.67
3667,08-08-01,113.47
3668,07-08-01,114.86
3669,06-08-01,115.92
3670,03-08-01,116.06
3671,02-08-01,116.19
3672,01-08-01,115.97
3673,31-07-01,115.35
3674,30-07-01,115.54
3675,27-07-01,115.91
3676,26-07-01,114.43
3677,25-07-01,113.63
3678,24-07-01,114.37
3679,23-07-01,116.62
3680,20-07-01,116.69
3681,19-07-01,118.92
3682,18-07-01,118.38
3683,17-07-01,119.03
3684,16-07-01,119.88
3685,13-07-01,118.08
3686,12-07-01,118.06
3687,11-07-01,117.11
3688,10-07-01,117.75
3689,09-07-01,118.49
3690,06-07-01,118.84
3691,05-07-01,117.12
3692,04-07-01,116.84
3693,03-07-01,118.36
3694,02-07-01,119.53
3695,29-06-01,120.83
3696,28-06-01,120.91
3697,27-06-01,122.01
3698,26-06-01,122.03
3699,25-06-01,123.65
3700,22-06-01,122.67
3701,21-06-01,122.58
3702,20-06-01,120.95
3703,19-06-01,121.93
3704,18-06-01,121.91
3705,15-06-01,122.82
3706,13-06-01,124.93
3707,12-06-01,124.28
3708,11-06-01,124.79
3709,08-06-01,127.1
3710,07-06-01,128.73
3711,06-06-01,130.09
3712,05-06-01,131.55
3713,04-06-01,130.98
3714,01-06-01,133.24
3715,31-05-01,133.18
3716,30-05-01,132.79
3717,29-05-01,133.58
3718,28-05-01,133.96
3719,25-05-01,134.03
3720,24-05-01,134.42
3721,23-05-01,134.26
3722,22-05-01,134.21
3723,21-05-01,133.25
3724,18-05-01,132.13
3725,17-05-01,132.21
3726,16-05-01,131.47
3727,15-05-01,133.1
3728,14-05-01,133.88
3729,11-05-01,132.5
3730,10-05-01,131.28
3731,09-05-01,129.37
3732,08-05-01,130.42
3733,07-05-01,131.59
3734,04-05-01,132.45
3735,02-05-01,133.64
3736,30-04-01,133.45
3737,27-04-01,134.18
3738,26-04-01,134.33
3739,25-04-01,133.18
3740,24-04-01,132.97
3741,23-04-01,132.37
3742,20-04-01,133.85
3743,19-04-01,133
3744,18-04-01,131.42
3745,17-04-01,127.38
3746,12-04-01,129.77
3747,11-04-01,129.86
3748,10-04-01,126.14
3749,09-04-01,124.19
3750,06-04-01,121.95
3751,05-04-01,120.59
3752,04-04-01,118.83
3753,03-04-01,119.87
3754,02-04-01,121.22
3755,30-03-01,122.22
3756,29-03-01,121.56
3757,28-03-01,122.68
3758,27-03-01,121.2
3759,26-03-01,121.85
3760,23-03-01,120.98
3761,22-03-01,118.35
3762,21-03-01,118.61
3763,20-03-01,118.77
3764,19-03-01,117.57
3765,16-03-01,117.13
3766,15-03-01,118.88
3767,14-03-01,115.25
3768,13-03-01,115.87
3769,12-03-01,114.12
3770,09-03-01,120.05
3771,08-03-01,123.15
3772,07-03-01,125.24
3773,06-03-01,126.9
3774,05-03-01,125.78
3775,02-03-01,124.62
3776,01-03-01,124.11
3777,28-02-01,127.16
3778,27-02-01,127.66
3779,26-02-01,130.62
3780,23-02-01,128.9
3781,22-02-01,128.92
3782,21-02-01,129.81
3783,20-02-01,131.58
3784,19-02-01,132.12
3785,16-02-01,133.58
3786,15-02-01,135.41
3787,14-02-01,134.52
3788,13-02-01,135.22
3789,12-02-01,134.32
3790,09-02-01,134.61
3791,08-02-01,133.95
3792,07-02-01,133.68
3793,06-02-01,135.19
3794,05-02-01,135.31
3795,02-02-01,137.33
3796,01-02-01,137.11
3797,31-01-01,135.31
3798,30-01-01,135.35
3799,29-01-01,134.86
3800,26-01-01,134.03
3801,25-01-01,134.35
3802,24-01-01,133.46
3803,23-01-01,132.45
3804,22-01-01,132.44
3805,19-01-01,133.72
3806,18-01-01,130.75
3807,17-01-01,129.81
3808,16-01-01,128.35
3809,15-01-01,128.65
3810,12-01-01,129.09
3811,11-01-01,128.52
3812,10-01-01,129.3
3813,09-01-01,129.99
3814,08-01-01,129.31
3815,05-01-01,129.65
3816,04-01-01,131.39
3817,03-01-01,129.78
3818,02-01-01,130.94
3819,29-12-00,132.33
3820,28-12-00,132.6
3821,27-12-00,133.33
3822,22-12-00,132.21
3823,21-12-00,129.49
3824,20-12-00,130.42
3825,19-12-00,133.18
3826,18-12-00,131.61
3827,15-12-00,130.73
3828,14-12-00,131.67
3829,13-12-00,129.48
3830,12-12-00,128.44
3831,11-12-00,127.83
3832,08-12-00,126.77
3833,07-12-00,125.73
3834,06-12-00,125.95
3835,05-12-00,123.71
3836,04-12-00,121.65
3837,01-12-00,123.35
3838,30-11-00,123.24
3839,29-11-00,124.76
3840,28-11-00,125.22
3841,27-11-00,126.75
3842,24-11-00,126.09
3843,23-11-00,123.59
3844,22-11-00,123.63
3845,21-11-00,124.66
3846,20-11-00,124.41
3847,17-11-00,123.98
3848,16-11-00,122.75
3849,15-11-00,123.84
3850,14-11-00,123.26
3851,13-11-00,122.33
3852,10-11-00,123.8
3853,09-11-00,125.13
3854,08-11-00,126.49
3855,07-11-00,127.4
3856,06-11-00,126.18
3857,03-11-00,125.86
3858,02-11-00,122.05
3859,31-10-00,119.36
3860,30-10-00,119.8
3861,27-10-00,120.38
3862,26-10-00,120.41
3863,25-10-00,122.11
3864,24-10-00,121.91
3865,23-10-00,122.13
3866,20-10-00,121.72
3867,19-10-00,118.01
3868,18-10-00,117.02
3869,17-10-00,117.55
3870,16-10-00,117.26
3871,13-10-00,113.17
3872,12-10-00,117.44
3873,11-10-00,118.48
3874,10-10-00,121.75
3875,09-10-00,122.79
3876,06-10-00,124.02
3877,05-10-00,123.89
3878,04-10-00,122.99
3879,03-10-00,123.38
3880,02-10-00,124.12
3881,29-09-00,124.84
3882,28-09-00,125.09
3883,27-09-00,125.01
3884,26-09-00,128.61
3885,25-09-00,130.03
3886,22-09-00,128.65
3887,21-09-00,134.51
3888,20-09-00,135.29
3889,19-09-00,134.99
3890,18-09-00,135.01
3891,15-09-00,136.56
3892,14-09-00,137.02
3893,13-09-00,136.88
3894,12-09-00,135.45
3895,11-09-00,136.02
3896,08-09-00,138.29
3897,07-09-00,138.05
3898,06-09-00,138.79
3899,05-09-00,140.3
3900,04-09-00,141.12
3901,01-09-00,140.5
3902,31-08-00,138.5
3903,30-08-00,137.49
3904,29-08-00,138.06
3905,28-08-00,139.81
3906,25-08-00,139.85
3907,24-08-00,138.22
3908,23-08-00,137.14
3909,22-08-00,137.05
3910,21-08-00,137.15
3911,18-08-00,139.6
3912,17-08-00,140.41
3913,16-08-00,141.66
3914,14-08-00,140.22
3915,11-08-00,141.55
3916,10-08-00,143.68
3917,09-08-00,143.31
3918,08-08-00,142.07
3919,07-08-00,142.44
3920,04-08-00,142.54
3921,03-08-00,142.35
3922,02-08-00,141.59
3923,01-08-00,142.99
3924,31-07-00,143.55
3925,28-07-00,144.67
3926,27-07-00,146.6
3927,26-07-00,149.19
3928,25-07-00,149.25
3929,24-07-00,149.96
3930,21-07-00,149.25
3931,20-07-00,148.58
3932,19-07-00,148.32
3933,18-07-00,147.71
3934,17-07-00,146.89
3935,14-07-00,146.82
3936,13-07-00,146.21
3937,12-07-00,145.38
3938,11-07-00,146.57
3939,10-07-00,147.19
3940,07-07-00,146.03
3941,06-07-00,146.05
3942,05-07-00,146.7
3943,04-07-00,146.48
3944,03-07-00,145.19
3945,30-06-00,145.81
3946,29-06-00,147.12
3947,28-06-00,146.76
3948,27-06-00,146.91
3949,26-06-00,145
3950,23-06-00,144.89
3951,21-06-00,145.33
3952,20-06-00,145.12
3953,19-06-00,145.16
3954,16-06-00,145.72
3955,15-06-00,143.79
3956,14-06-00,143.13
3957,13-06-00,140.66
3958,12-06-00,141.38
3959,09-06-00,141.61
3960,08-06-00,143.15
3961,07-06-00,139.47
3962,06-06-00,141.71
3963,05-06-00,145.21
3964,02-06-00,144.31
3965,01-06-00,141.71
3966,31-05-00,140.67
3967,30-05-00,137.76
3968,29-05-00,133.52
3969,26-05-00,133.74
3970,25-05-00,134.62
3971,24-05-00,133.42
3972,23-05-00,137.32
3973,22-05-00,138.56
3974,19-05-00,141.38
3975,18-05-00,141.28
3976,17-05-00,141.95
3977,16-05-00,139.14
3978,15-05-00,138.37
3979,12-05-00,138.25
3980,11-05-00,135.33
3981,10-05-00,134.75
3982,09-05-00,133.69
3983,08-05-00,134.55
3984,05-05-00,135.06
3985,04-05-00,136.21
3986,28-04-00,137.32
3987,27-04-00,135.49
3988,26-04-00,136.98
3989,25-04-00,136.36
3990,20-04-00,135.64
3991,19-04-00,138.43
3992,18-04-00,137.64
3993,17-04-00,132.98
3994,14-04-00,145.21
3995,13-04-00,144.42
3996,12-04-00,145.41
3997,11-04-00,145.2
3998,10-04-00,149.02
3999,07-04-00,145.12
4000,06-04-00,141.41
4001,05-04-00,142.46
4002,04-04-00,141.84
4003,03-04-00,144.15
4004,31-03-00,142.69
4005,30-03-00,146.92
4006,29-03-00,149.26
4007,28-03-00,149.67
4008,27-03-00,149.78
4009,24-03-00,148.4
4010,23-03-00,146.93
4011,22-03-00,146.51
4012,21-03-00,145.15
4013,20-03-00,146
4014,17-03-00,147.44
4015,16-03-00,144.05
4016,15-03-00,141.63
4017,14-03-00,142.04
4018,13-03-00,142.9
4019,10-03-00,145.99
4020,09-03-00,144.74
4021,08-03-00,140.67
4022,07-03-00,143.75
4023,06-03-00,145.32
4024,03-03-00,141.2
4025,02-03-00,139.79
4026,01-03-00,137.95
4027,29-02-00,136.85
4028,28-02-00,134.26
4029,25-02-00,137.31
4030,24-02-00,139.36
4031,23-02-00,141.6
4032,22-02-00,141.28
4033,21-02-00,139.96
4034,18-02-00,145.89
4035,17-02-00,143.77
4036,16-02-00,144.08
4037,15-02-00,140.78
4038,14-02-00,138.12
4039,11-02-00,141.13
4040,10-02-00,139.33
4041,09-02-00,145.67
4042,08-02-00,144.26
4043,07-02-00,143.25
4044,04-02-00,145.11
4045,03-02-00,138.19
4046,02-02-00,133.38
4047,01-02-00,131.3
4048,31-01-00,128.09
4049,28-01-00,128.62
4050,27-01-00,126.8
4051,26-01-00,125.45
4052,25-01-00,125.09
4053,24-01-00,128.73
4054,21-01-00,127.47
4055,20-01-00,127.65
4056,19-01-00,126.04
4057,18-01-00,132.2
4058,17-01-00,130.83
4059,14-01-00,133.37
4060,13-01-00,130.26
4061,12-01-00,128.86
4062,11-01-00,131.08
4063,10-01-00,129.74
4064,07-01-00,123.11
4065,06-01-00,117.6
4066,05-01-00,115.32
4067,04-01-00,121.07
4068,03-01-00,122.54
4069,29-12-99,116.31
4070,28-12-99,117.31
4071,27-12-99,117.54
4072,23-12-99,114.13
4073,22-12-99,112.32
4074,21-12-99,111.14
4075,20-12-99,110.6
4076,17-12-99,108.9
4077,16-12-99,106.93
4078,15-12-99,107.34
4079,14-12-99,108.27
4080,13-12-99,107.22
4081,10-12-99,107.73
4082,09-12-99,105.44
4083,08-12-99,103.7
4084,07-12-99,101.48
4085,06-12-99,101.26
4086,03-12-99,100.27
4087,02-12-99,101.91
4088,01-12-99,100.93
4089,30-11-99,98.02
4090,29-11-99,97.87
4091,26-11-99,101.2
4092,25-11-99,99.94
4093,24-11-99,97.25
4094,23-11-99,97.88
4095,22-11-99,98.21
4096,19-11-99,95
4097,18-11-99,91.04
4098,17-11-99,91.03
4099,16-11-99,89.41
4100,15-11-99,88.56
4101,10-11-99,88.44
4102,09-11-99,88.52
4103,08-11-99,88.29
4104,05-11-99,88.73
4105,04-11-99,91.91
4106,03-11-99,91.52
4107,02-11-99,91.72
4108,29-10-99,91.7
4109,28-10-99,89.82
4110,27-10-99,89.65
4111,26-10-99,89.98
4112,25-10-99,91.28
4113,22-10-99,90.56
4114,21-10-99,90.71
4115,20-10-99,88.43
4116,19-10-99,86.67
4117,18-10-99,85.97
4118,15-10-99,88.03
4119,14-10-99,86.97
4120,13-10-99,87.01
4121,12-10-99,88.97
4122,11-10-99,89.97
4123,08-10-99,89.65
4124,07-10-99,90.07
4125,06-10-99,88.56
4126,05-10-99,88.62
4127,04-10-99,86.56
4128,01-10-99,86.53
4129,30-09-99,85.28
4130,29-09-99,86.38
4131,28-09-99,87.24
4132,27-09-99,86.39
4133,24-09-99,87.19
4134,23-09-99,88.36
4135,22-09-99,89.5
4136,21-09-99,92.33
4137,20-09-99,94.9
4138,17-09-99,94.09
4139,16-09-99,92.88
4140,15-09-99,94.14
4141,14-09-99,97.03
4142,13-09-99,98.27
4143,10-09-99,98.69
4144,09-09-99,98.35
4145,08-09-99,99.76
4146,07-09-99,100.57
4147,06-09-99,101.55
4148,03-09-99,100.55
4149,02-09-99,101.55
4150,01-09-99,101.35
4151,31-08-99,101.75
4152,30-08-99,102.5
4153,27-08-99,101.84
4154,26-08-99,102.71
4155,25-08-99,101.8
4156,24-08-99,101.26
4157,23-08-99,100.5
4158,20-08-99,100.01
4159,19-08-99,100.07
4160,18-08-99,100.1
4161,17-08-99,99.96
4162,16-08-99,100.21
4163,13-08-99,100.05
4164,12-08-99,100.21
4165,11-08-99,99.45
4166,10-08-99,99.58
4167,09-08-99,99.73
4168,06-08-99,99.93
4169,05-08-99,100.06
4170,04-08-99,100.22
4171,03-08-99,100.15
4172,02-08-99,100.19
4173,30-07-99,100.06
4174,29-07-99,100.03
4175,28-07-99,100
